Time,V1,V2,V3,V4,V5,V6,V7,V8,V9,V10,V11,V12,V13,V14,V15,V16,V17,V18,V19,V20,V21,V22,V23,V24,V25,V26,V27,V28,Amount,Class
119907.0,-0.611711999461975,-0.769705324140739,-0.149759145434813,-0.224876503169684,2.02857735618976,-2.01988711445398,0.292491386801462,-0.523020325275821,0.358468461235503,0.0700499611903301,-0.854022783526842,0.547347359707813,0.616448381802285,-0.101785017895712,-0.608491803765091,-0.288559430499469,-0.606199259942812,-0.900745517792769,-0.20131115730918,-0.196039343104127,-0.0752077614118498,0.0455360453799564,0.380739375132775,0.023440315915966,-2.22068575916412,-0.201145577842452,0.0665013699443167,0.221179559816081,1.79,0
78340.0,-0.814681710903033,1.31921885857228,1.32941458980928,0.0272727054236001,-0.284870622428048,-0.653984711164334,0.321551548498725,0.435974980286506,-0.704297591850748,-0.600683951362336,0.0965007121072061,0.710309173597101,0.778923540482951,0.353866907459853,0.953048469636941,-0.10354214977829,0.128899472934344,-0.964070307876014,-0.477130155613694,-0.0090406657382645,-0.128618550961891,-0.368565013108745,0.0906595496391532,0.401147036992888,-0.261033805037556,0.0806205985157305,0.162427330288734,0.0594562454865354,1.98,0
82382.0,-0.31819348451158,1.11861770116118,0.969864354174057,-0.1270521832217,0.569562580572309,-0.532483829054222,0.706252059655146,-0.0649663786852605,-0.463270531219982,-0.528356766504403,-0.813214444591113,0.111898048730637,1.13387531677925,-0.649766489538707,0.861035183384685,0.583787249830253,-0.344093710804082,0.0283118829414518,0.219760202496328,0.206028002627873,-0.305402020958881,-0.774703804762068,-0.123884368083749,-0.49568665029167,-0.0181482211942137,0.121678808637721,0.249049701404809,0.0925156059247046,0.89,0
31717.0,-1.32827089924216,1.01837787015616,1.77542552362352,-1.57419305997964,-0.117696211584691,-0.457732919719958,0.681867455323031,-0.031640689805003,0.383871666738723,0.334852782649897,0.905209789315212,-0.277871633232084,-1.33617897442202,-0.0122376472088033,0.212827597730966,0.769344660813452,-1.01053386404502,0.357287950104639,-0.125584943795777,0.315823015690601,-0.220815172567134,-0.419013487774348,-0.239197441483071,0.0099669484362852,0.23282928779646,0.814177362784566,0.0987971179580368,-0.0042730298282194,15.98,0
80923.0,1.27671201468819,0.617119816649715,-0.578013676955097,0.879172920674465,0.0617056511220706,-1.47200195743235,0.373692023237786,-0.287203883633029,-0.0844824274171162,-0.696578495841297,0.101511542162366,-0.433199770493398,-0.634866761604963,-1.18835418178904,1.02806310240545,0.576120774121793,1.0683526966048,0.33268962207975,-0.362811140913036,-0.105286098224226,-0.160161235251141,-0.430403792169957,-0.0767381691087071,0.258707834161832,0.552170207472972,0.370701122762965,-0.0342546086368031,0.0417089783152545,0.76,0
131364.0,0.0771973998414491,0.482927942799536,-2.23423310895384,-1.30912370336584,2.38656981841606,3.39258053836139,-0.156384693597809,1.35356894655159,-0.0471120680182807,-1.23887499739481,-0.0706440367540343,-0.0318546024591512,-0.251230815556313,-0.798361852392908,0.242665074610378,0.636176329507881,0.509861623502435,0.18515332038353,-0.729449387530274,-0.0897055589858608,0.0608650663089297,-0.0605303273363153,0.379574906857809,0.59885329154439,-0.878617521577319,0.254858550972148,-0.0885502855825852,-0.0234455457339031,69.9,0
33274.0,-0.958584447113397,1.10908564853382,1.55815861086035,0.878706842246391,1.91455908279373,1.56475659463767,1.30097823781884,0.0740976025678052,-1.37697743983967,0.621511165756173,1.93427880831975,0.0495635522677009,-1.15715161167902,0.351435796629776,0.0494915506818383,-0.69483725571145,0.0117782205014754,-1.84719133860191,-2.7806864295149,-0.257510651932298,0.155271232721027,0.65760745828182,-0.296222224663437,-1.05336200120753,0.0064746756467164,-0.0589806350907296,-0.528679370569344,-0.37445013213492,6.55,0
24158.0,-0.992898832184407,1.43020428202935,1.07125620444954,1.36312731675165,0.116314674838269,0.217867865698798,0.208391222469117,0.319127663937768,1.48313381623309,-0.0145147134090565,-0.277216064251249,-3.18276096766168,0.0938510491908726,1.72410048191981,-0.314430081797513,-1.0690519953083,1.36488131239251,-0.121759950247946,0.645492970551874,0.048699163064002,-0.25890343971679,-0.104188602624365,-0.100143984920052,-0.369103085784187,-0.0680483984646675,-0.266731098029279,0.0804022466775616,-0.0345713443051767,1.0,0
153276.0,-1.14369310449218,-0.250983080608819,1.01302219299149,-0.671079797612144,1.36343757605507,0.312672890718955,0.786157977336073,-0.0893234984355404,-0.272428815739924,-0.369519338388199,0.375442319726878,0.535357520017839,0.470021019415777,-0.221108973539435,-0.526255881301382,0.351694206655555,-1.03541278896671,0.319153073226492,0.332323682801924,0.0965303361431493,-0.0941341565974375,-0.137349431407573,-0.0470856708356643,0.0584854253126712,0.825118437319493,0.316018858849866,-0.377193627537816,-0.246404312743106,84.15,0
63649.0,0.555043420323053,-0.0994844007138656,-0.102234042120489,-0.624144964870142,1.48436430959631,4.15453598031755,-1.24269939720022,0.286054351929598,0.694670058232268,-0.324073815565514,-0.580542459279016,0.263503793611015,-0.0758499619463882,-0.211372683778211,0.207103741365451,0.533774482382722,-0.68460877798246,0.233408122845715,0.146962663257683,-0.113272325098696,0.649935301397205,-0.578302991137149,0.0578226571220159,1.02654166767701,0.440905536534093,0.303284866731542,0.146932109150786,0.17270773323483,17.24,0
37056.0,0.884281799608823,-0.973495290288387,0.929079577308407,0.397954667664519,-1.46356351072951,-0.351713321199669,-0.502973756002112,0.0730438659759393,1.35258036504248,-0.498304592580671,-0.979141742886179,-0.0035555806641123,-1.09825886227258,-0.297717436362066,-0.16062549239067,-0.0464183953862613,0.212876584382805,-0.469538591217972,0.418976192693969,0.195696991562169,-0.144202689759681,-0.592073106443162,-0.0550842822320742,0.450845613921266,0.0369828100321388,0.927803686292439,-0.0728540486837419,0.0414673006254543,177.44,0
25229.0,1.44370298828989,-0.377190002448355,-0.508374813596452,-1.04203373492271,0.154032687326624,-0.0121867465681115,-0.159160348803933,-0.162228095170367,-1.12421124754326,0.554310346574464,-1.01269840356274,-0.394696170910896,1.27022716400731,-0.17027892763963,0.768159373691549,1.0077735471595,0.0838289290879093,-2.0202102036933,0.952001065084089,0.180742512255072,-0.244574926426611,-0.805130596357951,-0.0448175421150198,-1.33346594454307,0.484115443726131,-0.418443520376674,0.0003564200052621,0.0024126370143993,34.0,0
19929.0,1.02481404211223,-1.1799479256914,1.70295361696693,-0.833752169687754,-1.5986195620659,1.27061028717691,-1.78658614136606,0.684894127963512,4.35295303623702,-1.74169493645438,1.65007873737801,-1.24964175103467,-0.111613153554366,0.782057270618898,-1.47343402659771,-1.4594178609351,1.71265965149221,0.0895415091214496,0.568530047037688,-0.268916909631659,0.0229715599047089,0.877307089715733,-0.110839076966112,-0.253786012179792,0.311920182680633,0.24613757223255,0.0924290137616538,0.0054094229351778,21.58,0
723.0,1.16911745724664,-2.01964603824559,1.50281141626919,-0.664842149461255,-2.64152244406894,0.270360035166807,-1.82866633574985,0.230067468132735,-0.131122535022019,0.978759816353966,-1.65311594656451,-0.704566706165627,-0.540051903896566,-1.45783428916078,-1.93419306429604,-1.13042225756587,1.38413583215272,-0.101462884792445,0.38854905222173,-0.178579738182363,-0.248413824383564,-0.152602620727033,-0.0971259514402618,0.409141771038727,0.31788886601838,-0.0913743437417587,0.0837906193850804,0.0509766543240261,131.95,0
148511.0,1.96325167001077,-0.377500399764164,-0.583341885180243,0.0278072654398443,-0.28318910188988,-0.0185020744559763,-0.467428248520756,0.126395294508857,1.03855660325128,-0.117797862457185,0.881052027790059,1.40787936514546,0.0303506316967015,0.0813586491717674,-0.648954144416505,-0.009904172260041,-0.444463116504117,-0.283710790942668,0.581481629246822,-0.190411520161013,-0.35416668847653,-0.87619817230506,0.481069714090193,0.666500996013678,-0.517204409079911,-0.463107995297963,-0.0032885976955485,-0.0433075901318623,5.0,0
73506.0,0.144212614236136,-2.65225033423071,-1.02083414939139,-0.0855456649953201,-1.18934994896209,-0.349733521377829,0.654748757194148,-0.411394544237644,-0.795037425093974,0.311591204187001,-1.50837676949687,-0.374308141944818,0.245352971686418,0.159226512584637,0.122162060338623,-1.45513517380303,0.0400732340818228,1.02896373989234,-0.364574167085773,0.906761348449847,-0.0922620611867839,-1.21485881964575,-0.709177982437621,-0.378321952147275,0.288449846986785,1.0718382369316,-0.200074177127036,0.108044629627566,690.23,0
88079.0,-1.52408089584017,-1.09322610062145,0.745317196959107,1.30731558905087,2.41796448454665,-1.35279967570742,-0.74383633343894,-0.19817255564029,-0.275684856952826,1.06093287467064,0.756272338449592,0.346426955544364,-0.146627820455164,0.375333084156743,0.844385015355512,-0.977182784454173,0.234644108178485,0.214122282012285,3.41880370013789,0.107977251905522,-0.364891638579061,-0.465647598908061,-0.413781399085928,-0.317771980742716,-0.728692769803006,0.624782829914859,0.391655634872576,-0.128259111749885,5.35,0
35652.0,-0.656860790271512,1.04225623115496,0.719976504201034,0.776201512217414,-0.237069628392989,-0.225842660487904,0.500839854916526,0.460171333945314,-0.944084869289988,-0.301286417921624,0.561386499960701,0.067215823190986,-0.923043326826275,1.04081411370934,0.407150555800703,0.147074451644911,-0.337855586559343,0.897264590901718,0.831300488224501,-0.0215547699766882,0.255174140816648,0.467044847862008,-0.0070592260919355,-0.0147347349908497,-0.228087204245483,-0.328476738721831,0.0161866191169205,0.0909051542581557,70.44,0
44396.0,1.00470894218815,-1.35265532658307,-0.288438316753347,-1.05170162709735,-0.372374628522938,0.893920454208715,-0.607529252290434,0.192881802953012,-0.822131829493314,0.637703865035243,0.138254630056781,-0.459854479120828,0.23896478180663,-0.0098868391894351,0.638336503248711,1.76424215011257,-0.411714939643144,-0.74328819928632,1.03635269840887,0.547469807461362,0.0884921493697426,-0.363141668320131,-0.288692378495927,-1.70802246209469,0.281533489610337,-0.315108278870035,-0.0154024991858553,0.0315467468652439,231.37,0
25043.0,-0.292945629603422,1.16183223155478,1.62034643656927,0.240349731952344,0.416744819073401,-0.929579214614525,0.832535908809525,-0.424254378589786,0.88773563298572,-0.692000079921928,0.997581343996622,-2.12261375716342,2.76642148819951,0.594282062206551,0.0763865390505722,0.221098424229757,0.57795438149071,-0.0162192563379951,-0.294502660735835,0.224499983857602,-0.449076428992274,-0.769966643280955,-0.044329797832031,0.296015001968866,-0.171962080266393,0.0017665544945764,0.0599370082510459,-0.127592421501331,1.98,0
164980.0,1.94453188133675,-1.58719503970237,-0.0353375673149379,-0.835096130821281,-1.56743006071547,0.208989751367376,-1.61192707647156,0.189261037454744,0.712254094417982,0.643805647233665,-1.25006358765184,-0.856826224285732,-0.0063591669411177,-0.790588840096761,0.757737584503893,1.81125687583961,-0.205574892239278,-0.463676155943986,0.278111715942267,0.205508422238942,0.456771269190727,1.12774208628188,0.107507956190404,0.499146397254986,-0.414592579418509,-0.117841980280206,0.0281374460548333,-0.0101957399080103,114.0,0
153127.0,2.0380394784934,-0.113168033098696,-1.34432885953461,0.3808160641569,-0.0972627769321168,-1.30101989764244,0.203519748355249,-0.335341385823066,0.724559873251836,0.0259388039277796,-0.791613131972679,-0.141523398537208,-0.800585479577152,0.668530898806791,0.884477529006557,-0.232892091859955,-0.396704737243841,-0.0450638699768866,-0.30216837043831,-0.279612495165638,0.249315662437005,0.821444989164384,0.0049292488747977,0.0011618271753892,0.218900542383606,-0.104076594435028,-0.0246579294981073,-0.0586713007379955,15.27,0
158531.0,1.88467999964705,-1.05500102726896,-1.23599018356847,-0.663268141540987,0.232978982787418,1.58967227294808,-0.839008281991362,0.443008252297049,-0.326472517883146,0.687247193724639,0.961035147542658,1.05380770217447,0.467505241496246,0.227651494975331,0.406083467892094,-2.25568878389031,0.30312136271565,0.311329817933012,-1.50834188211986,-0.568205334820215,-0.237753282038455,-0.0969622048239121,0.284670660258176,-0.768902688370293,-0.376499851545739,-0.315419469466141,0.069432494359143,-0.049184722099361,61.85,0
121737.0,-1.72766859442534,0.392697924955167,-0.587288602253252,-1.31405595392931,2.10091424321739,-0.722600405810903,0.526683572925916,0.0169498012702422,0.501019052391561,0.52353855572048,-0.410329020614594,0.26156922721607,-0.316857559538747,0.278964968355049,-0.747328133084051,-0.0020146662890117,-1.01112889013999,0.257510185662052,0.815581574894808,0.112368767465852,-0.325469979272141,-0.319644025335065,-0.49181344918571,-1.42240376589417,0.163974754538683,-0.0250135892998704,0.721288884941857,0.557597339579674,1.0,0
58349.0,-1.02640709965705,1.17393251484314,1.9970196480885,-0.639436126815577,0.0367292063292276,-0.689970032991811,0.892862386458552,-0.0049426528930643,-0.796508417911456,-0.399936582499454,1.55224483045581,1.04522655447114,0.526398473207379,0.134814682846039,-0.299220100033038,0.551357100506754,-0.852431735619928,-0.0930661651820095,-0.433227191764588,0.0801306427798469,-0.168462973022441,-0.538209794913104,-0.163924017835231,0.530272915679632,0.235853390665635,-0.0169265601978782,0.101152762107828,0.111180868062737,17.97,0
169739.0,1.76663071528226,-1.5973331112232,-0.631324938367137,-0.859181353366609,-1.2074452872464,-0.176674924414906,-0.912661658372575,-0.0332949501530088,-0.233181462459846,0.823991998848334,0.832782104705429,0.433698165479465,0.987875087822514,-0.385849724982574,-0.106198546647637,1.60236940660255,-0.367763414508854,-0.48843171652629,0.553117712233307,0.421649559546007,0.556264253427092,1.23491831155542,-0.0857753047541263,-0.328904387384113,-0.250137239120334,-0.0825764827117544,-0.0161095329541604,-0.0241252038939546,201.0,0
169000.0,2.10516419265182,-0.0198021876701776,-1.69941313394726,0.0054206194892205,0.583209325390201,-0.444695919469815,0.182473475494494,-0.235817832248176,0.295932077263483,0.164623119119891,0.217101955553622,1.04033979977713,0.893340428728028,0.476825243582878,0.033952011892114,0.242539723174676,-1.16627320822796,0.672750436876991,0.437383649506878,-0.156504633744396,0.237639706062034,0.861155332582654,-0.146601246903615,-0.979630151715621,0.399371364542657,-0.0672401441227005,-0.0197781112771182,-0.0777358989495815,0.68,0
122684.0,2.15733040034953,-0.853482521948868,-1.89582081705124,-0.943019591174296,-0.15114441637231,-0.742369739475255,-0.210573911924247,-0.166515349708576,-0.613445765139541,1.00211563645571,0.653013856476115,-0.634345207555028,-1.70381215064569,0.554587062408113,-1.20458488947536,0.469190330089806,0.466031332776849,-1.24318249938704,1.1116099072922,-0.0934042412737892,0.264559532858991,0.692645485411046,0.0237108921135841,0.720900846583384,0.269933753428182,-0.0440448169404307,-0.0780912971593508,-0.0795675374942972,33.74,0
67863.0,-1.69414858631651,1.22875951905747,-0.447682465067495,-0.803511297188059,0.716925252348772,-0.151376798776755,0.551378337738983,0.874962871460097,-0.462921339048929,-1.09140896235006,-2.16996700560794,-0.379457753790832,-0.485661854306366,0.920633768877094,-0.150284694740558,0.859379443033982,-0.889144400395323,-0.174601191496109,-1.75546379513879,-0.36265049914699,0.0883172529369672,-0.0870263633308331,-0.264239736811755,-1.37118030293611,0.245395372900556,-0.624192924570666,-0.0129525502316574,-0.0035138564372309,50.0,0
63545.0,0.49523946637426,-2.19834905929712,1.1652380232396,0.106038739511566,-2.14212080413471,0.390256967643727,-0.894600428527954,0.133133400975678,0.32235002837801,0.0563312896370961,-0.393287618539168,0.437402927297367,0.723276186582271,-1.22218493291127,-0.922272786334829,0.254227871150048,1.18893581602939,-1.99201994539406,0.350464782299263,0.840643619536919,0.384714274274596,0.576641389000521,-0.341309703679939,0.495013952689518,0.207375781641033,-0.152898020703532,0.0216326898449366,0.0964436164023884,400.0,0
59183.0,-1.84361855128713,1.60572353887024,0.569259552642739,-1.500528205159,-0.643788739280168,-0.421765601155624,-0.190184961814282,0.863521737561731,0.271192847178351,0.261096384971885,1.35452252023705,1.09671588558433,0.135439595152625,0.28957179880648,0.0589197859609183,0.636357024313788,-0.475791820111377,-0.350343460416146,-0.919131227919617,0.19848127174042,-0.072425935524026,-0.0788110678598887,0.126304832746393,0.0483945803354506,-0.180583230152726,0.713686307566807,-0.0341729987004723,-0.123223627328554,3.84,0
158204.0,1.91661271574553,-0.783642200182482,-0.677132249152415,-1.37333469359116,-0.869569732223153,-1.14279703744045,-0.281601862357532,-0.263880369148563,1.93115294444215,-1.02776827818861,-0.317081091168296,1.48283291439234,1.22451110390585,-0.163637877276449,1.11293292942817,-0.489780016745317,-0.295499163357416,-0.46110978330789,0.686345180208774,0.0140992895401785,-0.165385600572027,-0.358229059426373,0.303081028992339,0.0061450790001784,-0.418606872023859,-0.568349430932759,0.0237547118851733,-0.0241672014261774,76.46,0
143511.0,-5.8936758117074,-7.55599015556773,0.11321967324706,-1.94205687623333,2.01699948033044,-1.70295077467527,-0.277778240993241,-0.0089360335189693,0.317422756662015,-1.07207115933365,0.173100323139487,0.686000872183003,0.0225866337322075,-0.0271254327072791,-0.374147343959852,-1.43058659218811,-0.484139617998093,1.78485383921719,0.294001640091856,0.512105979445475,-0.550387228748524,-1.95714254644381,1.43822563566483,0.213313406696515,0.849775394353317,-0.638375585389048,-0.318313586716678,1.04405464296326,769.22,0
143893.0,-1.56956501599775,0.91059988183331,-0.555322218130788,0.387327593006418,-0.560739356536887,0.014753738442207,1.28698113631172,0.565135360938037,-0.942179063536916,-1.05710427254882,-1.29016609380087,-0.367425872793425,-0.50782634499769,1.05616870813905,0.467596636054313,0.347432569066962,-0.291859391374938,0.261703649225166,-0.730952742574522,-0.362848833211472,0.287415920599926,0.485112002051319,-0.367826178445283,0.680122592105092,1.28643211947297,-0.31503696516057,-0.312984979699189,-0.425934688483484,275.0,0
50301.0,1.12388256950849,0.122591422304697,0.977097583181181,1.27613712654865,-0.709095021592959,-0.396530978925446,-0.32232093257818,0.111339614569292,0.348944413444015,0.0009710119062341,-0.0472601924226877,-0.155267695428553,-1.05828713882067,0.428016086759212,1.54533177366061,0.143238375941903,-0.139613123971813,-0.492686666256714,-0.96487212302954,-0.231883449449445,-0.0821541180600206,-0.266808778133471,0.165254252933334,0.341343647821629,0.148634602141885,-0.535596155005551,0.0508543623189015,0.0346208401759999,10.0,0
99493.0,-0.603902915670041,0.343804281775595,1.11561933868761,-0.534122719181788,0.963975468908071,-1.3576035366694,0.451781105486301,-0.212443885092906,1.01243433947231,-1.03102559380558,0.12799007103534,-2.54267308275609,1.64140250617052,1.71424650520209,-0.335425059720466,0.380404073586006,0.0453192583181781,-0.333843842040792,-0.298691081703022,-0.0154900178705279,-0.462094556762642,-1.3536895208512,0.324950587611561,-0.13828484582946,-1.0161464862534,-0.093912634684272,0.0551280409349802,0.184834710605448,6.04,0
33861.0,1.29997722108082,-0.441389600475065,0.0829256585653309,-0.822568927804249,-0.528749575821195,-0.502387778387615,-0.275604796002942,-0.0675026703944582,-1.38015994670301,0.739984345679589,1.82357198428842,0.405236919468468,0.283062345938535,0.241297472526214,0.0378392431257504,0.827672740269132,0.378690650857817,-1.89980061594265,0.71899076561955,0.106425063471651,-0.107960163079443,-0.489741255278218,0.122489269840348,-0.0052227573633785,0.244891939071562,-0.520459391009451,-0.0061203152936136,0.0051667038651384,35.0,0
150993.0,0.177137102030073,1.06716185585583,-2.02165923339454,-0.408445211498173,0.9702594937118,-1.07515245010071,1.07340445049791,0.184538186889898,-0.723751976790787,-0.948408385443073,0.785870987788041,0.247160666316437,-0.884952409686266,-0.218033777253769,-1.37209529658881,0.202120368782958,0.671123258725268,0.546249550557904,-0.110008495531557,-0.24750419791884,0.240338717345736,0.563068259189593,0.0407682081599015,0.703986826487336,-0.33521738335014,0.492945599112465,-0.172050563572404,-0.0513698414186466,42.81,0
68461.0,1.1881481117942,0.0902199886794825,0.585083308023668,0.571257681661417,-0.642525399481918,-0.812743832389227,-0.113174024091557,-0.0014074273637094,-0.0374278785352409,0.136753799981503,1.44939293885659,0.451042759713004,-1.07263580968131,0.702237652173602,0.456532597574778,0.500065680286192,-0.526757118097669,0.0434682283583107,0.0998414700453551,-0.155425953405512,-0.202528384072567,-0.702001194206062,0.158177206565361,0.495991499075355,0.114509552623968,0.0679486068146731,-0.0422597340742641,0.0094424008540473,8.99,0
140401.0,1.85411622987677,-0.605363385465402,-1.29064586056461,0.232905618593318,-0.176646892364862,-0.60075983166642,0.0736239521594316,-0.173186889557394,1.15846759005305,-0.247923914008237,-1.10578805422,0.226864142073355,-0.617187510188214,0.215064838862614,-0.161751306478191,-0.431865378664996,-0.106144217969526,-0.513962450949128,0.354998201275672,-0.0358750310225823,-0.118391042507943,-0.381926214792394,0.160375236363568,0.736124206334673,-0.0966583453247044,-0.131105823729567,-0.0528232942520977,-0.0323244482243589,109.12,0
41565.0,0.828034958548373,-0.652978933618491,0.634038322257247,1.61231453109232,-0.298448013168895,1.25877349842103,-0.270114254241819,0.252954190428031,1.16002399830221,-0.520464747083154,-1.84684704201923,1.15084349292121,0.867983440280474,-0.949896356934516,-1.71094560148669,-0.874517040137663,0.36032383433642,-1.1050371301802,0.494201337626364,0.223974209345167,-0.369653832936392,-0.917141124018419,-0.19850671635992,-0.892762759905129,0.530175799409295,-0.468248187641293,0.0644393367905585,0.0496827383136346,177.99,0
137748.0,0.0638893605916928,0.983001501462105,1.68453843031757,3.30001549206495,0.347285692396678,1.32061715615341,-0.182876319201139,0.500873472738933,-1.24633474812297,1.2290536303459,0.26854514339106,0.0915130892624563,0.0316234795034982,-0.0847748994292967,-0.727249880283793,1.21734261663534,-1.02554751342661,0.794476795391623,-0.665293523289542,-0.0769096870402669,0.265054671589114,0.754802136025837,0.301032618470815,0.650814933955562,-1.86547855281987,-0.295384011913741,0.340639965929411,0.312851154527149,4.95,0
58119.0,-4.86088027357679,3.36859012691852,-2.03233323789701,2.12720819975343,-4.02091473029883,0.589587563633755,-1.76270158913205,3.69613780521128,-2.18346291247791,-0.896248813929691,-0.101914913377873,0.948087560898344,-1.17073083570026,3.1908680179698,-0.069415692916151,1.88891308567548,0.887515159617083,0.310938734665457,-0.988229063254704,-1.71789213287388,0.345822381526381,-0.334265748503472,0.475643737915921,0.151021399702524,-0.769528386585773,-0.432744310220762,-1.7721297801693,-0.676400548808487,227.51,0
40155.0,-2.34258963118147,-0.804398050194348,0.892563098895448,-0.147977386091678,-0.22356218228585,0.412498485636233,0.142986164745075,0.823347580574434,0.0143433414043533,-0.701336317999928,1.01420259400374,0.511820427936447,-1.16224482894582,0.509452233740871,-0.248318933384299,0.113671196582346,0.0440243034597324,-0.414944620075637,-1.06402777935785,-0.0182688421301889,0.201887516100554,0.409133741732198,0.281018781257208,-0.258833254765219,-0.385840892677529,0.322802524863603,0.171112119859951,0.0541209135466198,212.0,0
47716.0,-0.74018288936577,1.63158053592057,-1.18871186795312,0.60432401075994,-0.100935972800107,-0.0674046914785107,0.482974054420836,0.79516855059743,-0.784379960316192,0.189589863506291,-0.248400416223204,0.238448732553389,-0.390161332933872,1.2989886232118,0.0673268551670164,0.265983900561465,-0.471730566947662,0.902088826209485,1.06700299639057,-0.0212417371609076,0.150672850637129,0.415331783835298,0.0483151589993097,-0.842630903046984,-0.493429491162455,-0.347445736150614,0.320402987481183,0.121758749424893,89.99,0
79002.0,1.38628330302476,-1.13810903649081,0.396933371036175,-1.53068448261297,-1.16905928910702,0.230026582800203,-1.20475892389216,0.206699830419206,-2.03046793909155,1.53637513592106,1.57955192561633,-0.307857481317231,-0.176436434212687,0.0561010886991998,0.433815987879326,-0.76971584088362,0.852337093751212,-0.384614807822303,-0.675825603067442,-0.413815535334304,-0.112121337414996,0.0746473809249793,0.0884524494000001,-0.312297776089465,0.190856179955684,-0.163235215271632,0.0554279245879421,0.0031801906488613,15.0,0
38656.0,1.17622049043478,-0.320372809036487,0.892969255490316,1.22691037415985,-0.287607202258569,1.50598988806417,-0.893026017159566,0.417668459410781,1.51866687687871,-0.4169686857079,-2.28041081182165,0.522572354452784,0.446326519243035,-0.990293647950259,-0.905745181266146,-0.428541740657138,-0.0236147252339105,-0.16366547424499,0.265637288162077,-0.124753153529717,-0.0112573896056693,0.495004245087649,-0.323101854309861,-1.26150097260579,0.823934614903387,-0.0235376530943334,0.110235588393659,0.0160047870531151,8.95,0
100046.0,1.98744658939943,0.0707666118740437,-1.07344519843988,1.13578721335708,-0.0539629321628782,-0.839700553322389,-0.088768746750142,-0.257052661428709,2.70663986586863,-1.19774817336622,-0.0205570809847939,-1.86256383818991,1.33144973101694,-0.0610315893999668,-2.15633557909684,-0.661464305485844,1.96978349046951,-0.15401211493995,0.288655642558656,-0.288753113715686,-0.566503759696267,-0.942353962261185,0.233216161654097,-0.122839928385667,-0.0159390493230692,-0.542160804070804,0.0049439315211629,-0.0293362138661216,6.04,0
67072.0,0.820351465563189,-1.07368061845022,0.932215800829583,0.292113998763483,-1.43288199696493,-0.0260459373380212,-0.605191539775058,0.228951553689527,1.12229146888246,-0.328609029848471,0.682767892833238,0.577521724754405,-1.38181341020065,-0.0587631423573486,-0.837408107423329,0.161726308329403,-0.0270925992045238,0.0537161455103951,0.707459672287964,0.216189706515938,-0.0883959722171975,-0.502383158951406,-0.0750829350137683,0.389720335659188,-0.0035608342690216,0.910032018971393,-0.0800535641206588,0.0327275483394193,188.35,0
160899.0,2.04021105776632,-0.146974974784838,-2.95593366483195,-0.578355978867139,2.60935827084169,3.14264153108879,-0.41688284124123,0.784392948319733,0.359902378888007,-0.351075101407957,0.329650883701029,0.183508120624656,-0.272918545002545,-0.597436665174528,0.583896810292507,0.178675836476532,0.473898278297672,-0.498849798665041,-0.14009868476221,-0.120714034280473,-0.35233380052375,-0.996936774828093,0.36348490597863,0.60482656975204,-0.26455958625151,0.219670647442604,-0.0392094515896982,-0.0427869554036275,1.98,0
75736.0,-1.8245552727996,2.72761021880653,0.78555317530943,-0.121238556585507,1.28358367256367,-1.17479393347609,3.19553450770182,-2.62337102952534,3.4909057592818,6.70750739961383,1.26982935204462,-0.220195071718599,0.755119883406255,-3.01554276257416,1.05734308726071,-1.94504479503496,-1.38205988225513,-0.891691960645131,-0.0996261084366249,2.63097364201382,-0.834961153697203,0.807497321658298,-0.251105837430626,0.704949428987139,-0.36772012408674,-0.748768306526658,-0.447445588317289,-1.93627646998051,2.69,0
165945.0,1.95905868281735,-0.542927900330603,-0.578267948360341,0.197385730077803,-0.313363253840269,0.456503161617429,-0.821844490925792,0.269004397326014,1.32346674523728,0.005497735474982,0.225908451516857,0.661732943232293,-0.512137882811691,0.0901331536969242,-0.0309385491553873,0.401758328770572,-0.845424052626442,0.866630408480339,0.171251311764534,-0.206341175322113,0.210204404561898,0.759756522074186,0.0978455297268286,0.227296933798866,-0.0851828664752196,-0.231576192231971,0.0307804698796747,-0.0454198221700889,12.99,0
59714.0,-1.61293709940545,2.65851270153365,-1.0548384683549,0.784706746294403,-0.490119986162939,-1.30989010764119,0.173290732522778,0.765848260906214,-0.328241893979647,0.942483792268606,-0.570547390638328,1.11132047647912,1.48461073144272,0.682856887440233,0.486816586502711,-0.424380298388539,0.142090340989868,-0.264547834313918,0.243497289252187,0.393179331075465,0.107276586743429,0.625892991354412,0.165913475163209,0.414034417466099,-0.414385546005395,-0.422769205051657,0.328688009870292,0.0638210686968231,0.89,0
97714.0,1.86199427255403,-0.521784368325981,-1.15256243478271,0.380114046351826,-0.104481729292908,-0.3916577204257,-0.125838286309191,-0.167222022356604,2.27426518378551,-0.428446481643739,1.24489256412774,-1.68278792893622,0.910980632998441,1.80364080858677,-1.73164597827941,-0.411624702365372,0.410250607006715,0.433066547711393,0.38849446319028,-0.145126562829629,0.0082548996818087,0.361102788345481,-0.0654317181824374,-0.405977796148472,0.125396894401747,0.155037341660423,-0.0734314977734087,-0.0697516594946319,87.36,0
138048.0,2.0806240604419,-0.0596229539296596,-2.09922553260175,0.461812112948593,0.628852736643129,-0.341159051158048,0.0378069404684093,-0.121516019386558,0.913810438227094,-0.463641080188655,-1.44353557309146,-0.439571378135235,-0.695640870002126,-1.09826538774731,-0.326106053225333,0.0744327767874066,0.728509077285212,0.24274034297024,0.153269693861752,-0.180828699657392,0.0098693843386922,0.28087452972043,-0.0618340249395201,-0.0077856999389704,0.278476075987294,0.740258017620459,-0.0618254545766769,-0.0454041293310569,12.36,0
155752.0,2.31922235175218,-1.22554468907266,-0.85508043512567,-1.46505397548148,-1.32012009540285,-1.10050622407947,-0.95287341962637,-0.346883942084356,-1.32370846814239,1.5696339728711,-0.890445809724576,-0.463523906718959,0.979061011880348,-0.506145483235825,-0.290492505239253,-0.664708557790397,0.496289506262032,-0.234286738892179,-0.137476673433205,-0.430892760260042,-0.167421143770069,0.101874383526157,0.232627469737873,0.0451824363482469,-0.145782095770414,-0.164342656570309,0.014690852027267,-0.0516958465221784,5.0,0
57987.0,-2.93077209411811,-2.19267393474402,2.03318554570895,-0.901546506346481,-0.017610025180906,-0.329408458525336,0.564572639636475,0.155803889520385,0.875246845893917,-1.51609843936158,-0.945306414680604,0.0591020154563579,-0.722534705221705,-0.66294677478271,-0.987343299310952,0.2856764908522,-0.201390513453907,-0.961142601163079,-1.33823372076739,-0.100725764978641,-0.161380804492459,-0.390171778986909,0.794834195649029,0.0992542477794189,0.439673909735262,0.748808809264423,-0.0928448506953677,0.184495129640638,323.12,0
171042.0,-0.0761849287379926,1.21288208424433,-0.58704753133266,-0.645514984932676,1.02515334232275,-0.742296680399313,0.963730335281059,-0.106408136823825,0.106274427995935,-0.531927318778613,-0.797342898403913,0.0142909862321112,0.403379816182261,-1.17160527593121,-0.246720134394307,0.35606327960667,0.259532638391746,-0.207799629703429,-0.179500562551915,0.169062568534812,-0.383898437825055,-0.867758048884942,0.0673176108774727,0.37677717448285,-0.330626261123764,0.129124195297045,0.335147037882119,0.141079825535618,2.28,0
155076.0,-0.529056163222092,1.10931964728224,-0.39455542077755,-0.811712093623675,0.164030220536064,-0.622613123259893,0.443719609857927,0.497642370650866,-0.0014646680597975,-0.112437498526182,-0.058958608777641,-0.0388101872757379,-1.5755427880746,0.852776757093232,-0.911881463784802,0.422463766365146,-0.579678193933211,0.126545958158829,0.360822835046128,-0.101727040804465,-0.248200057841778,-0.71360656061722,0.0879620307210701,-0.549298115302465,-0.434988790625826,0.16315055785775,0.215865512810939,0.0744650646624631,9.32,0
151761.0,1.66720084010777,-0.568589872253853,-0.179736500245265,1.23692584563138,-0.465752287336474,0.467445160474445,-0.57968373784569,0.213501041091392,0.690921111317031,0.23184665934134,0.902388239973705,1.41360086296031,0.717515091410867,-0.0587173017768666,-0.109775184132891,0.63015911969088,-0.969828952806492,0.479885226776557,-0.407815864004799,0.0623399302029922,0.0965021706674163,0.131694011966222,0.236470994238136,0.671061771640304,-0.404315928242834,-0.892561047088728,0.0470893415460468,-0.0032570161847202,123.07,0
142083.0,-7.96588281819086,7.06886774887292,-6.57798640750716,-1.95440248229635,-2.86826701946343,-2.09476628896527,-2.30731877319672,4.22866168028249,1.75978240890354,3.76119793131194,-0.715477881956116,1.51960690131133,-1.11950216556484,2.90588488464402,-0.750298983883194,0.407568033962073,0.871929370655112,0.356202947246391,-0.435415482992389,1.32319690968612,0.11844045817257,0.344208324906914,0.550081806581635,-0.473782036779492,0.90902261733874,0.202157196653106,1.09411486251537,0.83451164823089,2.23,0
131557.0,-2.05262493653075,-0.655241858376374,1.33569567443228,-0.147212892031407,0.341533466130961,0.754638691382981,1.15486320911906,0.221072189637452,-0.221874740042024,-0.794740422015373,-0.0027459727113227,-0.354204513249725,-1.2024423209392,0.272595299691969,-0.198365654471356,1.2342449502188,-1.44087917801749,0.972897151482309,-0.586728436399449,-0.0812604075281354,-0.127149727952065,-0.601251824033663,0.330455840028129,0.0800000580554741,0.648160207594124,-0.905024610819032,-7.78808364176597e-05,0.113219087034999,300.0,0
133738.0,2.10547276817819,-0.0627530818259322,-1.63668711982507,-0.0756689458703518,0.795978465550862,0.174353337163147,0.0742201208655314,-0.0833102719548334,0.181446157265672,0.20464820975963,0.157610600176485,1.29707901776326,1.25626077346068,0.180276661051648,-0.654259874307077,0.383236535478054,-1.01603422494407,-0.117070652457135,0.846542519005238,-0.0783551949930266,-0.301707679915273,-0.755022170925199,0.217152014343844,-0.322408977258952,-0.129882416268101,0.207483704593596,-0.0740641621404489,-0.0716245310138148,2.28,0
148042.0,0.152504723307473,-0.597661441766856,-1.53827148222798,-4.06760535118641,2.18864872251189,3.0492988488065,-0.424272907277752,0.774788141525425,-2.22772508427945,1.10754188861338,-0.445129309831348,-1.22625536644399,0.123730593579566,-0.0489480636203742,-0.305174780080384,-0.516319390567144,-0.0467296793783894,0.0239465048340555,-1.25043637864113,-0.269090893246014,0.188575422439715,0.964255546811772,-0.0089649388845125,0.706041087019506,-0.778882884046261,-0.185892267914963,0.501204862811906,0.302938392012567,10.0,0
125739.0,-3.33001344862886,-0.141057978274482,0.366207911307016,0.0548704209468493,-0.938047764253734,1.79256255406225,1.09314996304812,-3.42415725879547,0.118966321924049,-0.38540479808064,0.761269578532334,0.803174089379698,0.316111377337507,-0.142364723459557,-0.355284942155506,1.1963619232504,-1.21761560047076,0.804650689331344,-0.982889930547903,-2.57499165357899,2.73745677903719,0.134952271654629,0.932833243594958,0.726207719325595,0.520192942960576,-0.554579939068999,1.14345918666937,-0.30140556019194,437.85,0
26221.0,-0.375140644272889,0.338290551603857,1.09109002577625,-0.986370704971565,-0.203199135873138,0.119814573691979,0.0640355430495329,-0.0149945983142039,-1.76355187252072,0.809044986466877,1.35141590058036,-0.158782226229125,0.454524487439207,-0.0256131509413167,0.516740407014583,0.468421776554165,0.530371450656088,-0.98896094296064,1.70620444003701,0.197686132098813,0.410229319595003,1.09652295778537,-0.204516560611973,-0.243477847388317,-0.247750290816672,-0.0376459281170913,-0.104592064879065,0.124152798847576,23.9,0
159812.0,1.83484661784121,-0.516286982182676,-0.699684879986791,1.21256557804298,-0.279525181373974,0.0606130659609235,-0.383673710642838,0.065464417044683,1.17231269445383,0.153031506756348,-2.06329892525252,-0.594544726925429,-0.984322366085364,0.184815227553085,0.659016031622697,0.744316084992478,-0.963708033745299,0.373732282014594,-0.0886672862764681,-0.108790042879786,-0.194231319800949,-0.700692476971486,0.170355742469625,-1.10686550807708,-0.314574595121813,-0.883461679021594,0.0304603529964529,-0.0205956705695579,102.5,0
119223.0,1.918890307223,-0.170976289682845,-0.309115816912549,1.57887098298228,-0.398821243072665,-0.252097543038462,-0.248605828753884,-0.0013430839875348,1.19966493149095,-0.016386090096714,-1.3398583227134,0.666053341274314,-0.323517872831412,-0.240310244233962,-1.15033827479136,-0.458512977995026,-0.0099058089214039,-0.935196909047834,0.165379075421233,-0.294786383098101,-0.521045143126014,-1.21058247339609,0.432710252110317,-0.171644231130958,-0.330912344949738,-1.09796818921228,0.0559732843925034,-0.0306893909627343,13.49,0
36818.0,1.01701124370269,-0.425958830048666,0.726806109509122,-0.0636259157660732,-0.591498633559772,0.399488120079607,-0.582390151580131,0.343778630146707,0.252177035323615,-0.0973848674916812,1.81261446056249,0.776891934164839,-0.503844940117139,0.419378960820974,1.21567000435718,0.229114015008755,-0.103637010362358,-0.658807761399618,-0.543588729079153,-0.0307484050069046,-0.0041420360552773,-0.140873774821367,0.138884172593039,-0.247994688993719,-0.2002380321553,0.86969195957521,-0.0428256097127655,0.0076417049955114,62.0,0
143981.0,2.03875914858392,-0.328340795623624,-0.672410283547651,0.229241450174935,-0.0688557793127996,0.263132632718196,-0.571015589995547,-0.0046318113622839,1.2848505980586,-0.215156260532624,-1.42387835645037,0.981301785095867,1.74184092724326,-0.551189659078432,0.411090055137233,0.249511590064375,-0.878175765096966,0.29540553525739,0.0503892606227238,-0.0723025201779615,0.155914165262458,0.744649109419521,0.0447186045921359,0.0963937606682941,0.0716276875756661,-0.20789453602313,0.0454337869366853,-0.0336251164865619,9.99,0
34686.0,1.05780817327413,-0.161184231479408,0.715670253715717,0.74933267093647,-0.548183521330499,0.0390705577714767,-0.260037854460844,0.179920765973709,0.281303134006046,-0.0940812236767954,1.41666144466423,1.22302658930114,-0.369862348900865,0.169835839548323,-0.574741753950396,-0.327007289063311,0.111893008718998,-0.712303486798391,0.0663335880896655,-0.0906751757193534,-0.188280489167978,-0.463248507760567,0.0926544269630895,0.249466678493567,0.187836549902892,0.177124067956273,-0.0100527331805032,0.01101700853552,39.99,0
62827.0,1.12771915539183,-0.0430228857836738,0.550571354336966,1.15578524482251,-0.45092704765801,-0.052543086149069,-0.213104686154565,0.155470073741549,0.44274232487542,0.0246332433264172,0.483138466764109,0.443953457363547,-1.32207178707792,0.364250974590957,-0.69510451440508,0.0834926175493553,-0.373404585318545,0.210296416458132,0.46412744818751,-0.162415863731153,-0.239440791108806,-0.659608687446626,-0.0171811330070173,-0.0388335462655065,0.460001852204335,-0.540710860321908,0.0233093200008888,0.0160959705451783,30.73,0
151031.0,2.05026451133611,0.147545684559261,-1.78364633872035,0.500562287554715,0.209118896955301,-1.36330490383558,0.225278766719995,-0.33038041764726,0.683223236461267,-0.465990205246411,-0.53263137990873,-0.260708489177069,-0.530201580012511,-0.621685836224115,1.01758459688616,0.215952833616246,0.427729125856928,0.530241777109807,-0.443216287460049,-0.233775695837034,0.187590162007035,0.68877806357082,-0.0304249697911947,-0.248473367071348,0.238786142399492,-0.0872682538027108,-0.0038475859710921,-0.0336547381226172,7.99,0
154940.0,-2.16107872653049,1.91508576683248,-0.937879156084472,-2.59111474131829,-0.216212112191101,-1.23025642812481,0.0816207116624862,1.18162858811116,0.199952266154374,-1.13950593544472,-1.6378919825161,-0.122545698788996,-1.07234452497763,1.14579405960533,-0.389559109329663,0.707083102750675,-0.324413282973661,-0.543851675402408,-0.794713211448743,-0.236778191858447,-0.231611971892101,-1.0072735256355,0.105593006414857,0.540898949605033,0.083276215994305,0.355906519711699,-0.0824503033156144,0.0962249278781141,1.0,0
79915.0,1.31352194201534,0.240173851038293,-0.0134651630948967,0.175528311266921,0.33520027291744,0.135356859091474,0.0027493196216459,-0.0322444985755825,-0.283435913102891,0.0736384932105606,0.44942494375562,1.17811448055398,1.53793033917451,0.14156859963142,0.313478839560636,0.845501344146574,-1.22902256901007,0.265359601285142,0.675646129691073,0.0307629087898024,-0.282705340962393,-0.794795874905752,-0.0570032953495907,-1.0064500345564,0.40487348720864,0.157829578088661,-0.0277009808082046,-0.0026146821452577,1.98,0
40949.0,1.0601493957378,-1.22316235568,1.24898192648003,-0.55783476965824,-1.92491908254394,-0.134813303016645,-1.24282086683768,0.172025881247412,-0.435686000646442,0.744845905035911,1.05510521763889,0.371288974169324,0.181506815685162,-0.12794363010386,0.835065688691234,-0.398579504103788,-0.58234493752708,2.17502934436796,-0.917557442397436,-0.213896946078377,-0.045269949930753,0.0701808676934254,-0.0363540471713484,0.366162339532998,-0.123149601513432,1.0864551607719,-0.0294659881671327,0.0369889332716996,125.9,0
52784.0,1.13361544524734,-0.0866905326895443,1.26130278599008,1.15670167040018,-0.983420714587014,0.0030242053074265,-0.721791798337475,0.273450358790302,0.654783857316483,0.0531840440633739,0.862887887005921,0.541188670665278,-1.0037332501496,0.153160387886799,0.0340816150889549,0.515926062999915,-0.599732728559044,0.691944123667905,-0.0644540745262757,-0.195584764614883,0.0294276536920669,0.164200862177639,0.0012797618048877,0.308449076175065,0.329002980335037,-0.413555276145244,0.0600831050183648,0.0254423534798183,1.0,0
148929.0,-0.254750605994468,1.11617888591853,-0.546859598826206,-0.833244436259104,0.762833555149081,-0.286921939624768,0.689379533644741,0.308104020621007,-0.317078811800382,-0.679667802304049,-1.60696105379077,0.490562074875873,1.13883757308404,0.188337163281508,-0.442376113938634,0.234962579250731,-0.590151671398469,-0.535803604368099,0.196121955681491,-0.0032600301388381,-0.254339134922075,-0.703780570998619,0.0909482479162745,0.0460971132973213,-0.30945397656498,0.149495151000606,0.116894177378232,0.0369174747536879,17.99,0
41479.0,-2.17745057062993,-5.8514934424649,-1.19965942349154,1.58826932564003,-2.21456217966053,1.32056932762045,1.57786444979691,-0.0379112768674898,0.561531190932775,-1.03699018755975,1.22466684218578,1.12108647046727,-0.470558345221211,0.337565411707046,-0.47369996292013,-0.507400703867743,0.622172053026155,-0.59458248466803,-0.584119950366564,3.27778858230163,1.09156914832676,-0.407923939745018,-1.54797031597015,-0.101280355390392,-0.339451855503954,1.03203058977425,-0.347238544312823,0.280130816181021,1706.34,0
59368.0,-2.27139959536525,2.01071559417555,-0.120049628969351,1.30035144965406,0.599707448774994,0.479457512857554,-4.88339616087428,-7.04819727170487,-0.750341195646441,-1.61067963794922,-0.954186972292509,-0.138427864474492,-3.78571907239186,2.51190362989535,0.62425061763621,-0.780821845102722,1.6302321415994,-0.78853658771024,-0.690468097645975,1.35472489642768,-3.53725859379157,1.46765134199816,-1.61961209759257,0.0967768599543787,-1.47582142188818,-0.396756234667919,0.107311549729303,0.310245731275828,0.0,0
74044.0,-1.01808797793706,0.568120554978471,2.18304016185656,0.678323351206866,-0.387493787008061,0.0491645644019055,0.196445423311898,0.178202167323083,1.17036061320176,-0.639050359268069,-1.81158819742237,-0.114554620141474,-1.74783680219814,-0.737675655910152,-2.47322020196974,-0.66697831966705,0.280147294397817,-0.662696054521094,-0.0155776522876102,-0.369392545524664,-0.302279088114854,-0.694679886287965,-0.0314021909724479,0.341803256014374,-0.251132561177204,-0.781859304174852,-0.262497217909494,0.218013819904405,9.83,0
35498.0,0.507853174694561,2.00623716706163,-2.3448142688428,1.59506603639113,0.976557333268314,-1.62258449965522,0.654357132734184,0.118822375222376,-0.632030619501384,-1.44045300677969,0.295745997754859,-0.12126065165526,0.955165240236075,-3.43835970189782,0.971003385550312,1.05791262117299,2.75559351512568,1.59193774547261,-0.235663301962772,0.0629913744873974,-0.127314407241723,-0.187112912418616,0.0609123175737334,-0.434846088597697,-0.336655146703737,-0.37098749232892,0.138284337586173,-0.0501747463932684,0.99,0
148479.0,-1.541678492331,3.8467996764866,-7.60411417332843,3.12145858452036,-1.25492417272895,-2.08487507838532,-2.38502692521029,1.47113982318282,-2.53050724987995,-5.17565967956169,1.92718574923744,-6.01115469172088,-1.19560144211912,-6.74556131619148,-0.0580910805508333,-4.3251322468452,-5.55806727496643,-1.58053122025709,0.971906321717639,0.114760087792356,1.09640466568909,1.0642221648192,0.0653703316207609,0.257209437635477,-0.693653969054163,-0.335701711683891,0.577051520346345,0.398348367999506,122.68,1
151780.0,-0.443763870072472,0.708968305339477,1.16143865337849,1.02885915171886,-0.451834397675901,1.07801991090785,0.0539229414438266,-1.63356736910151,-0.200360107304724,-0.393625749211859,-0.69197958110826,0.665511995600608,1.07449393482826,-0.0310072033425209,0.959050683517921,0.0209949388671671,-0.217269163830049,-0.208512980425584,0.392248743193774,-0.195161033077917,1.21098440591537,-1.44824737057196,-0.662822853283543,0.594923466879671,1.25403660448895,-0.590878729025846,0.303704291943541,0.145566762997803,228.4,0
55575.0,-3.41942263819263,-1.13007559809015,1.60708637375377,2.22997892209851,2.64408903133496,-0.79353772235042,1.08824220975816,-1.00840988415033,-0.933315168258216,1.92198175926539,1.95444539942509,0.388839766922148,0.30147367767299,-0.427868493466856,-0.0292266721907548,-0.0750638320495107,-0.799127079265084,-0.629796480633153,-0.469016593690311,-1.44533223472583,-0.479674205429058,0.524022264453329,0.093685026163671,0.305230152643874,0.653962640390427,0.0228521071220258,-0.955552398442486,-0.0856295445716383,22.7,0
158875.0,2.06688191874672,0.223993131291056,-1.67336263792847,0.405493820120807,0.523670428381955,-0.786881027918726,0.236818067910951,-0.267683992807461,0.342558641173481,-0.415075624867965,-0.329065788356399,0.695568695672486,1.03610422604426,-1.03255035634668,0.143233347645691,0.20484494286188,0.482437805207056,-0.524752444113829,-0.0342657083345991,-0.101981346280701,-0.346446289514766,-0.835952738125383,0.338460370131233,0.53533763299695,-0.242850103156249,0.172122838072991,-0.0529210687973542,-0.0288187223012746,0.89,0
41613.0,-2.37255229589689,1.21727070166253,0.295753160631459,0.637923111867479,-1.10670316611923,-0.442368143779463,0.412327431322809,0.282373681582277,0.459582219234489,0.50107784833016,-0.93824164574199,0.167115919842164,-0.228204166858236,0.0116361864325601,0.0280752157483841,-0.468226882638937,0.422357303179454,-0.447241628063508,1.03226927260132,-0.410832671176171,-0.220907091831112,-0.138079660746799,0.215693111937131,0.431184359418478,-0.359908382045711,0.20612072256887,-0.621739549905432,0.0230068419027378,100.47,0
38079.0,-0.433142463178447,0.421165173985681,1.90300073403674,-0.54599746901212,-0.679364046111747,-0.559847590321744,0.344480912317592,0.150870281247523,-0.302691738644503,-0.449867767285688,1.26539168606592,-0.0431859040446277,-1.33766119552901,0.452117886153157,0.491286585927173,0.637298318081504,-0.502924609353763,0.351655603689185,0.335289810783746,0.0187365033640199,-0.0377441737442947,-0.342268766505039,0.128392519665933,0.520983398819921,-0.539986047193813,0.720227899744666,-0.037737660820944,0.0475356754560626,49.2,0
41415.0,0.122493979754057,-2.93953663430332,-2.29101083319425,-1.12997398186165,0.991348900687511,3.41643373410663,0.0821908352705123,0.518970234268636,-0.978490594580369,0.313936843898477,-0.248990267691737,-0.61433977886117,0.12231288363218,0.0925393887193523,0.0395903185168522,0.941504191974494,0.140505543782088,-1.07962980499524,0.962172725493216,1.60392171267575,0.523559343517385,-0.18276816495059,-0.820085838011346,1.09255182226111,0.691443479895457,-0.124957868973188,-0.139545996453187,0.119640460970781,713.78,0
141963.0,-0.91584906566675,0.580296324419992,-0.173532257439649,-1.27448117018587,0.515473020997151,-0.59348405717516,0.648572082860337,0.340444444702342,0.561415072210524,-1.44822074028433,-1.40219177883613,0.740007681528459,0.374620891285912,0.209033235845562,-0.709641499160909,-0.889228002847306,-0.0324181766449862,-0.106983430753129,0.169448304556742,0.0607116421919465,0.258796666799705,0.845729813834823,-0.173403141883369,0.647373170211387,0.206171692767963,-0.655136063015929,0.314274593326524,0.139026272441064,50.0,0
147190.0,-0.451572337183617,1.42668988128028,-0.895533725720991,-0.562551823513106,0.609730324718037,-0.80213331544283,0.613425970065909,0.340394494984188,-0.0510972005299626,-0.76556640277716,-0.762667439012138,0.159399106729225,0.256357626999704,-0.803662692881029,-0.230466671631273,0.379016331970082,0.558960111789759,-0.294578995728019,-0.324567941634997,0.0422588838931862,-0.325026615486955,-0.838565459939169,0.151981746057067,0.501411822489345,-0.352193792650559,0.125711903890365,0.216242815644925,0.070761156091736,9.99,0
34832.0,-2.36278830752573,-1.30503864913265,2.19733277359743,1.75284864176604,2.18602310153612,-0.320725668527996,-1.93712537130872,0.270933339594209,0.0745085436695461,0.550501905063625,0.145292821035392,0.707454215908054,0.918823599526542,-0.305345798916894,0.946357626573931,0.0529362344255437,-0.459882846294063,1.26111428163374,2.31800357828348,-0.611241186879996,-0.0738454937663138,0.570727074154276,-1.24861190068169,-0.663342619874503,0.205929625783024,0.09164971579371,0.420342469362111,-0.126273513311813,0.01,0
3263.0,-0.104979197245161,0.326376392206541,0.208022330054115,-1.89202724831254,0.23773831886088,-1.02353931787043,0.680443519949299,-0.209418119913305,-1.7046759464665,0.533232725582152,0.994111140168516,0.219665334438898,0.83820968320898,-0.0244924539932421,-1.18038154242299,1.13723358298583,-0.356103015994969,-1.0006087302125,0.341050850491986,0.226259455153184,0.380916790870678,1.10347873074005,-0.0580969808405413,0.0609917191289459,-0.585919818421876,-0.424593258277197,0.424715976729243,0.268164165432104,25.0,0
113794.0,1.99596556270388,-0.24768102502859,-1.77441183462383,0.460678621670252,0.253326506294563,-0.808716078026176,0.313909885354149,-0.168364418542223,0.395608778645291,0.33674213358552,0.232798368860842,-0.0422324947587712,-2.02467841727839,0.98488132590138,-0.883060828211657,-0.255480530868611,-0.299238208344441,-0.0571264099455479,0.485899535752034,-0.294643779721272,0.0036618316900772,0.0460358836603261,0.0201289035120722,-0.3937152404913,0.142985921428814,0.388797372145505,-0.101526850367325,-0.0870775420744426,33.35,0
83886.0,1.21194774731825,0.306738889098761,-0.282751615505031,0.876438156094491,0.335668796091,-0.238830059934949,0.285562378342216,0.0175691279735617,-0.342083862683769,0.204892311939267,1.06455458573224,0.257574469044514,-1.22418566749169,1.00283578892904,0.386300483652692,-0.162226504299284,-0.337171285842189,-0.0727234075297134,-0.190454916957773,-0.239130780027757,0.0475880719332256,0.136591782999916,-0.155229846887817,-0.319331091615453,0.753591350806152,-0.259970268274687,-0.0034866457456159,-0.0083697772713556,2.23,0
33184.0,-11.4809666899826,-16.7099953772246,-2.51338365483787,2.01158961464787,4.7940476637973,-4.08904030683982,0.77863440934337,0.263680307356318,0.845307056414893,-2.11631638028838,-0.253930600136741,0.796508196500717,-0.0101468327904318,1.09911116012907,-0.0922604576129228,-0.204595407420647,-0.776886894723767,1.91976474805343,0.440018538315712,7.53316647798583,2.22419710044648,-0.384543861618007,6.83358551017094,-1.1337464682798,1.40248881917865,-0.828332395581088,-0.713530361401072,0.595116086048694,2163.25,0
53705.0,-1.17478648123674,0.0603694256902368,1.60613447463859,1.42064370492871,0.845896099792364,-0.097281520461614,0.364624720073196,-0.035338357500044,-0.292897000293203,0.455494526070671,1.40194014818986,0.964348151626374,-0.0855095746848247,-0.0428922850084918,-0.416369392902401,-1.15711071959618,0.330569672759061,-0.311806545705205,0.971526654484675,0.150057492449393,-0.0303672838971169,0.417388317246483,-0.192794957906775,0.261264269232968,-0.175811833013241,-0.287347864870841,0.217341355551752,-0.0216765171623411,66.0,0
121349.0,1.87855456876868,-0.449882507139099,-1.91358616052812,0.332288908260337,0.276673338370785,-0.792253234935712,0.476363614223114,-0.267426008764633,0.272784680575446,0.256711102915179,0.240765074235256,0.421095523096841,-0.976200130358167,0.776687061969346,-1.00471911793959,-0.180009353435971,-0.441729932591261,-0.0698668561037966,0.63998321174013,-0.0567582847439317,0.0380693763924046,0.0149018265391971,-0.0749147755897021,-0.44947080467467,0.144695264605248,0.562626319783678,-0.126409677351399,-0.0755643875714063,108.69,0
55201.0,0.897975270735426,-0.133090760002979,0.367445411959912,1.38260903161797,-0.442222868182371,-0.542010562250176,0.244268098832271,-0.11677781702733,-0.0536543159724321,-0.0435137007609803,0.0930263909984476,0.358712491265688,-0.0277701734472372,0.410254952796637,1.1844488407506,-0.218726976959021,-0.0710111869215987,-0.594219903954665,-1.00047571616743,0.0997327984575482,0.203766752380425,0.35224394072538,-0.162106477802697,0.423403360637177,0.505731499104654,-0.286393442771437,0.008631969225215,0.0463069382703403,144.0,0
25965.0,-1.95837433158032,2.14762957102576,0.147969766499046,2.29775899892945,0.133021683209921,-0.246623523539141,1.96786347557318,-0.922736126154364,0.70590048409361,4.9278984932784,1.73028249203689,-0.43220689060709,-0.977301516650008,-0.615927821063483,0.444840366698975,-0.667244891018279,-0.606865084292506,0.137473045614237,0.757672333526168,1.24853265144885,-0.418784322014359,0.612584970696262,0.116446466129528,0.501811369217294,-0.679246821466867,0.0083478588019362,0.731932574931395,0.329651528851449,98.47,0
131299.0,1.71076223993859,-1.64271652346245,-1.97138077684207,-1.17252235621601,-0.90759842542788,-1.60225622656799,0.284013243955292,-0.558546411089091,-0.164402399355944,0.421488347820686,-0.9512994420408,-0.282525476944819,-0.449095168998184,0.563309434883126,0.453343299127104,-1.97370336396715,0.15025088774207,0.88731247517725,-0.401808850549574,-0.0929293804318149,-0.146282209544731,-0.432219106902215,-0.0782579441178911,0.080576198673041,-0.138666345315645,0.720547309060304,-0.135696989643604,-0.027171828493826,280.81,0
41721.0,-1.65974054367469,0.354996710319987,1.90533788936902,-1.02970499181952,-0.679249853475443,0.663243687048416,-0.245793804804811,0.775662046386962,0.335435338064237,-1.1237056381629,0.416070616165895,0.811119577329924,-0.601558497014618,-0.158075109093648,-1.24443758456793,0.195690510745312,0.0104193556671965,-0.321293275610511,0.0371939537271514,-0.352801930431815,-0.0967808617828783,-0.283798982761348,-0.34982663733269,-0.223987826549242,0.0359799177736422,0.869987250285829,-0.278383702820814,-0.158767851601084,69.34,0
121193.0,2.11701385792121,-0.876500162076864,-1.35067582526037,-1.03089380665193,-0.458667473157243,-0.754510071040775,-0.402439347637432,-0.166630858854753,-0.639526021671848,0.9673308338878,0.705447510903094,-0.191163469276463,-0.476032573819115,0.303077215248433,-0.486288356312754,1.16610146186786,-0.0578705409952402,-1.22520602282233,1.10862292337297,0.0095938965028953,-0.0120902207169321,-0.199514104705147,0.217445193270598,-0.498146642553982,-0.236392698711711,-0.418223807500105,-0.0457444788499836,-0.0660554783793674,49.4,0
114786.0,2.08820155388582,-0.282200987848107,-1.83933040272653,-0.117541453787341,0.492668828946159,-0.0799765527125064,-0.132203261644298,0.0686391176908934,0.910213175084722,0.132476939723937,-0.166915098075718,-0.549149382202234,-2.26392957578951,1.09981423835496,0.571413177494511,0.234733830136117,-0.920434529428047,1.09092361863895,0.37317467651584,-0.346762782205937,0.238240812302642,0.693130684640408,-0.0695472115460251,-0.249817906382609,0.341092122340614,-0.40535657031812,-0.013740916953608,-0.0714509649129443,1.0,0
62628.0,-2.24547401499426,1.94590298301394,0.411740108632195,-0.181943868624521,-0.0969324292488115,0.214475297624407,-0.993264252404474,-3.64872169052341,-0.150863306273968,0.155471968423039,1.05064688608587,0.684449958863788,-0.324456148902009,-0.001716068997924,0.207140505649569,0.784794342110238,0.0135575182154229,0.572482899183407,0.302494721239096,-1.02170570560498,3.49246856933845,-1.90826413441352,0.768303809601697,-0.131713691062595,-0.0006777442971436,0.0908830575035984,0.119841740200249,-0.241318965926193,1.98,0
79972.0,-0.455814608585702,-0.206672253731489,2.13043394890005,-0.454155136987956,-1.85733445625447,0.650322219220696,-0.30608947473805,0.157228080834499,-0.0596687218794527,0.208823292759693,-0.755929626402524,-0.696614523295713,-0.693054650212603,-1.09996319623379,-0.8010605005135,-0.223199859456596,1.50985712243911,-1.63514223803308,1.28516559826361,-0.0080890809537813,0.359276872570854,1.36400370057868,-0.103755323785205,0.483680854894033,-0.483004206208439,-0.0062156635095105,0.037234052699831,0.12117779806472,115.0,0
75372.0,1.00078935262356,-0.61311342604518,0.432907977831029,-0.10629851599564,-0.528018802216803,0.432413711069285,-0.526194251893195,0.220747647954484,0.336082613308497,-0.0786698977208357,0.948966471362405,0.661924683089291,0.166974395320869,0.170386351713392,0.957221137244107,0.678289871973206,-0.675940071366499,0.319097796201458,-0.106769049404876,0.172118327320433,0.267325451698415,0.575382103744197,-0.226958056867005,-0.560120257400187,0.211433185741597,1.19507517067707,-0.0631065213768352,0.010467791339861,118.0,0
145841.0,2.07028489256775,-1.48805591869509,-2.90919667391221,-1.72848235248676,0.0974549238917128,-0.774266243617297,0.212827557362203,-0.554986074028085,-2.48650285013446,1.80769110468177,0.400706772884294,-0.0642898603147693,1.04877546038617,0.31660687097669,-1.37857129204582,-1.08477509981259,0.301820407379069,0.219130590835671,0.428319273440416,-0.0093061869137199,0.243451101994757,0.829647902607103,-0.355968554130004,0.284348619702544,0.67647938109713,0.259533933754682,-0.107175389939266,-0.0640715526993915,189.9,0
73444.0,-8.8915983645783,5.84588771189276,-4.67533179345494,1.20878936894623,-5.02947670796651,-1.34080736194982,-4.59145174348069,4.06704839598154,-1.02867700837434,-0.359733289079299,-2.04232079196576,2.18358251763988,0.769160798962654,3.78912915783247,0.852801763227379,1.14771622508874,2.10069058119983,0.316970637326527,0.340135901959959,-2.30685745237904,1.71595488230523,-0.188226647161643,0.653398319056657,0.683759211102686,-0.292533591391198,-0.780578425346061,-5.40654460081301,-1.18043807486618,5.0,0
37768.0,-1.3515104253236,-0.526841056844738,2.34650373867967,0.905259072796366,0.811333670362351,-0.89830857854892,0.05533431677552,-0.027952833770746,-0.0798574418122537,-0.321426422152509,-0.083016529144675,-0.0523109069168231,-0.86202445872184,-0.0808025844731443,0.381899698685359,-1.18237503053927,0.763380086046832,-0.969879992298038,0.562319284112873,0.416059488494915,-0.058148722164906,-0.236675537912809,0.098179027254418,0.629883081335935,0.150608952249817,0.371960828491889,-0.167778641081924,-0.130416010389853,42.13,0
19903.0,1.38655924040795,-0.451200274537176,0.54221908940332,-0.44999079853826,-0.771875305839536,-0.250332670689917,-0.732963505996924,-0.10242455560446,0.54345689418672,0.280145592258518,1.82900721607673,-2.04417402980936,2.06106063787073,1.06216380021914,-1.94816373016874,0.819644046930763,1.01882692498415,-0.944403820213142,1.14799678259479,0.0403715964321907,-0.140114720471822,-0.0671467999840474,-0.0744230273447625,-0.0072860320508316,0.563746899882856,-0.281254761003973,-0.0135514440373574,-0.0065660495368025,5.0,0
79986.0,0.166918809216898,-2.02271532496327,0.689020511791744,0.450636716389,-1.60874147119978,0.374746530820397,-0.242703172132067,0.209996143589572,0.81948584701038,-0.480863226013004,1.3933192859328,1.09857033765278,-0.398201372860061,-0.0181922719584132,-0.0610316270404769,0.0898466686879977,0.0659534208349983,-0.259936514521445,-0.0681259251587132,0.882522022700652,0.267635394569078,-0.174624318165692,-0.325687525172804,0.313979058834677,-0.212678886729239,0.939058523050866,-0.116636169065583,0.0894746300138198,500.0,0
120012.0,-1.81316720932183,-2.51030765337263,0.897437187549043,-0.081157368772168,1.20692152840617,-1.4654715460469,-0.697889292902951,0.164695841446766,-0.133881633577712,-0.0738690192324195,-2.23378459266606,-0.811833550341315,-1.85256827718342,0.0187813553972224,-1.51433169907301,-2.64700545274041,0.735890205920206,1.00898381947305,0.38262124196775,0.191560059763575,-0.403677263918631,-1.28084428221799,0.666726819108614,-0.225999489401738,-0.177387418531585,-0.448463095065422,0.0681974276898545,0.211168045913212,142.29,0
167417.0,-0.87925457856338,1.35043323172304,-1.38805606493695,-0.039359986827194,0.181543270054306,-1.44063063528917,0.387012302649902,0.490984313223768,-0.361612752305029,-1.14996430565482,-0.804495352007112,0.434808969978156,0.912497406444216,-0.395694557807836,0.56466933522723,0.286747437106177,0.665827663839317,0.72243410729501,-0.156029316776311,-0.115093055461208,0.366924644778789,1.00654727196673,-0.0747269684550802,-0.150965522456955,-0.234884530992231,-0.14371897069782,0.0468201501333305,-0.022273917092604,28.18,0
59363.0,-0.699952163960179,0.362725702849631,2.65231726334526,0.290613500693432,-0.203118987655998,0.0177020913220279,0.83715863392205,-0.348534851509835,0.435598225656018,-0.330932981964461,0.107192757634833,0.719771902962205,0.906819949749495,-0.998404001289026,0.127416613589263,-0.27286455760066,-0.477756340389234,-0.489499753792179,-1.49718489531536,-0.023454168189626,0.222491875288996,1.19181866312301,-0.0189890412393937,0.640787307049771,-0.38357539535926,-0.541327828881279,-0.212266480284741,-0.292869275992273,69.79,0
39382.0,-0.595105433881008,0.570190979658492,0.548438504563401,0.242471927568088,-0.909391422217268,-0.819834309736478,0.78305225458026,0.303346404918498,-0.395159633828411,-0.704564897719811,-0.8552683244911,-0.673503218929784,-1.35537345112206,0.816669338133756,0.802040732896679,0.36208962679421,-0.147775769183229,-0.0744601006945099,-0.0655101945621245,0.0506793531774784,0.0142000137562647,-0.457215158511643,0.492765856519322,0.31876400975099,-0.447485817285673,0.0673033416046628,-0.17114549626891,-0.0172977087081003,161.1,0
79426.0,-1.1902866611707,0.549554363430317,2.01872036656024,0.0032957816236102,0.890013150873435,-0.494497039830555,0.508178149333096,0.210715976684164,-0.910872781428571,-0.620847697079964,1.52754000405392,0.780894155674791,-0.284277521266171,0.485378161068691,-0.0726978080303138,0.100270832897772,-0.526157663681819,-0.237060290905638,-0.879212897053445,-0.0261132069379089,0.0086570612586451,-0.218716317747771,-0.133649126703987,0.187351205931174,0.367620034709377,-0.632212285491121,0.031198745847373,0.0660901277648932,4.2,0
119319.0,2.22954337987346,-0.693005310424563,-1.67868273900389,-1.0179002251006,-0.0237184378401381,-0.62004783766534,-0.236205394323939,-0.293018358036247,-0.511308984466657,0.763091253320087,-1.02665445101508,-0.428617185086546,0.50134709419324,-0.126216510292118,-0.227330039730636,0.712489368548054,0.239012129547908,-1.81387988751659,0.934147906047128,0.0318462702764569,0.0076756611633326,0.0218047047897532,0.162523478844956,0.286511024094905,0.0595164167023401,-0.283879084683285,-0.0426932947151233,-0.0584189054297415,25.14,0
51317.0,-3.88155203190162,-4.42335547681941,-0.287859919350045,2.14216687019826,-4.44889588644504,3.45453902308266,6.04707056288691,-0.0547678776169007,-1.52113233881333,-1.72001620701679,1.56665433681401,-0.278979259745878,-0.732787720839675,0.848172740603839,1.59028793629067,-0.0618568916506885,0.0913659988723272,0.53690370074901,-0.0930629203306755,3.99581528289518,1.0503477687814,-0.30057658192853,4.18152258396714,-0.560009329148425,0.618287441638902,-0.438524455659098,-0.511790459248773,0.211637590679092,1789.0,0
63043.0,1.16170008228472,-0.541675706717353,0.894958671993945,0.638006825813488,-1.18975050169917,-0.343581768447604,-0.551229264361965,-0.133033294296718,-0.658880783902516,0.623634194066301,-0.695304562873981,0.750506663329292,1.66553566360569,-0.522531871944612,0.168779116581783,-1.50435988496398,-0.140890268485503,1.26810530574167,-1.14396922009816,-0.31215813527947,-0.184831217709343,0.018982289746137,-0.13105292490479,0.41327902419715,0.546751687072183,-0.23452430717306,0.0737415945036691,0.0494153760572123,79.0,0
73913.0,-4.10044694963792,1.43885415511085,-0.610069093203326,-0.857616761589854,-1.39589225954488,-1.94406311596182,-1.18695320011564,1.71276794722066,0.264408405602636,-0.112812243866394,-0.531650282667532,1.23504574742444,1.04591188257078,0.739334224050841,0.453137345899267,1.09042293503272,0.005069439307734,-0.517065266313776,-0.82663999788859,-0.916605683081754,-0.378847108152501,-0.0726039298816826,1.20023681088591,0.773938579382359,0.302931739269555,0.77294674696432,0.176467851706392,-0.514192785075774,0.46,0
154629.0,-0.319511169719872,1.12145333615291,-0.0751709486284714,-0.551012359453412,0.139363472568925,-1.06286429792564,0.716176454785308,0.211112062583822,-0.300979159723855,-0.668706248603698,-0.930861267997303,0.605242350588666,0.615435295614622,0.326213950383143,-0.454321777053072,-0.0532078373578905,-0.215861963037451,-0.861779051057299,-0.167005901480102,-0.0951571866496114,-0.199542363794549,-0.514557525428551,0.152509858328567,-0.0075236536223314,-0.456829859585745,0.143714333321825,0.124505255129812,0.0365860680570241,15.28,0
138920.0,1.86574182580139,0.383291236378923,-0.378550138253473,3.70312320929356,0.333931111298327,0.417790447732865,-0.0695557127891981,0.115119838635418,-0.589097455497082,1.35966593502272,-1.50764415941205,-0.491168001582823,-0.616264708235382,0.165553302717926,-0.745245636898115,1.10668100848421,-0.813731766157313,-0.704490061831454,-1.17452506822378,-0.251928356514308,-0.49967326419914,-1.57248146703726,0.541204155127321,0.433533991223137,-0.582316351554928,-0.625274627413294,-0.0263213421272541,-0.0222562979539295,30.27,0
59122.0,-3.25756516088411,2.5989511571596,-0.0223192670885565,-2.09498060860222,-0.187362293617857,-0.199683631897211,0.284652979106978,0.39382648426136,2.07440230060065,2.4262458378973,-1.04118604382752,-0.397057646857524,-0.24149301598442,-0.699348793056961,1.0474215594533,0.407597185953318,-0.807358447132501,-0.58283266118149,-0.9164553464729,1.06948188161915,-0.449616952427415,-0.423609353973062,0.0026537162472569,-0.951112389269932,0.130156746663925,0.751694183374914,0.221520545156903,-0.0894553038899335,3.84,0
156590.0,-0.334055212530433,0.790605495146359,1.58362843556037,-0.597662586207099,0.528485067253105,0.133795968561161,0.717303564961471,-0.246263131052825,0.30384540973298,-0.623725415949751,-1.27166627042829,0.442128379911988,1.41941381468245,-0.6384027722956,0.565253280036948,-0.0353369025889912,-0.813218058919268,-0.0085798008895323,0.582543738376745,0.0911278130648695,-0.184232991901002,-0.244096540528008,-0.232384609812281,-0.775417163489655,-0.236609577504959,-0.52592537947486,-0.127997163056677,-0.082954047364632,4.75,0
82110.0,-0.577547440049431,1.00941446379391,1.47658383138302,-0.302948826617767,0.166615273739479,-0.371711750732416,0.76711003284209,-0.0731801842736577,-0.194699921831016,0.392491494065085,1.00163123464285,0.0899203409337933,-0.689595089394316,0.172148236569117,0.292277351322074,0.422680531982142,-0.840634064976163,0.291313208430099,0.407590653924516,0.27265803378467,-0.28946900069813,-0.592301997725717,-0.0786374784313652,-0.0437146015535908,-0.173213281227395,0.0535247817283534,0.203895232248941,-0.0595973339117684,9.99,0
153.0,-0.903628224068223,-0.23336259768981,2.58086353129083,-0.990572326575126,-0.397920254595172,0.281755036718239,0.238618916120657,0.249101589147702,0.651330367931997,-0.881774860885329,0.939971813753546,0.397778746399661,-1.49456262738193,-0.428434388392651,-1.30794235136808,-0.0956183593821743,-0.0801697746149894,-0.432193307441223,-0.336658275618394,0.0504711870898971,-0.0750174594454639,-0.0979062674333585,0.0594478702204462,0.24454763393364,-0.316141151323228,0.754404529795041,-0.166315608674403,-0.13817709645405,71.26,0
112648.0,-0.335693023929701,1.04644596590704,-1.11762190183093,-1.18817712948415,1.31439577408651,-1.28424504723001,1.64818609167576,-0.361401059926304,-0.0918836688455347,-0.161055320480382,-1.21146443192717,-0.617695026622559,-0.968805238706712,0.776987221062491,-0.0124304540902355,-0.554978081661887,-0.467480294876297,-0.199320569812636,-0.0716854772288143,0.0595024767398134,0.19062421913014,0.742412681344775,-0.180778441943056,0.605774687877609,-0.226153034769078,0.0723435891155114,0.491200522526811,0.352419560944022,31.0,0
17481.0,-0.382153634296906,1.1166242753329,1.33092677739049,1.02272570781805,0.291562365378242,-0.33080591720868,0.52599425354981,0.0089650280922964,0.93225903304756,-0.395983732510273,0.444503956842587,-3.19907457973887,0.399058825441544,2.02231055447103,0.670599946062896,-0.59918192644709,0.892479408699983,0.0802143622602794,-0.153963985095517,-0.0075054223736972,-0.0242713391740507,0.313805320997764,-0.0966537384796217,-0.0066831815988767,-0.330337757817801,-0.322193061056018,0.397478811420912,0.214083823871099,7.02,0
121762.0,-0.383309292918402,0.895213822829126,0.0027832776801756,1.06647114665463,1.11051455496028,-0.989604473715922,1.31274631616277,-0.272883592034911,-0.642063450237106,0.0038170128244356,-1.09365987263635,-0.100513486568863,-0.282523182606442,0.513778061401578,-0.301881353551865,-1.21538902662281,0.200423405567647,-0.342757316024058,0.749793843695462,0.195045234430035,0.155646699728271,0.642960616113504,-0.165600424387934,-0.0009478286054797,0.0499651038650548,-0.375782427175941,0.419109041685607,0.251314069599502,37.18,0
70063.0,-0.407645935846489,0.390223212211824,2.29331009334949,-0.643663532784957,-0.853522781868555,-1.02876109379909,0.102707042687187,-0.191738511760011,-1.84453176439498,0.2793805857462,0.441950215976657,-0.178874820291334,1.21471621304751,-0.375888949597553,1.05966088530105,0.528972216343692,0.76644865754651,-1.59008529296407,1.59346024997107,0.383900507163261,0.0229154021716088,-0.0519809195836486,-0.0475643629497663,0.930773974662447,-0.0087797511276064,-0.337195162651186,0.0800783091394662,0.0893813418036572,14.34,0
155001.0,2.06692413512893,0.0221956185340172,-2.2334235014215,0.15465419356272,0.886504380350222,-0.884089210202861,0.783114196795842,-0.518360387662876,-0.0421655452291318,0.0777201941597676,-0.819462079028385,0.915593447366087,1.42560582325607,0.266071349722566,-0.373812144763136,-0.648430558460078,-0.239068557143349,-0.931113346617977,0.198041301949497,-0.0241596683796338,0.116413116592604,0.491825838543675,-0.0773691183645633,0.546236989846619,0.433527499063493,0.80657231669059,-0.122269063573575,-0.0729194873462371,44.5,0
60836.0,-1.50030170657165,0.424785863013442,1.04884081165403,-0.750308876849624,-0.29147553543615,-0.150877779852174,1.03501726341054,0.457023913336132,-0.672089921144723,-1.42448154123052,-0.147384986228053,0.28554878763677,-0.382876477915141,0.461518532670412,-0.0035666052806263,-0.670199127356316,0.689728096721715,-1.55053677619992,-1.08900403571527,0.122304064611957,0.190280017671767,0.179329971508635,0.138187300077444,0.15318221198711,0.448059984710585,1.04099785790202,-0.224570392913673,-0.043385934136676,170.0,0
152969.0,1.97770915992161,-1.25424681463927,0.129672555876974,-0.581968514482767,-1.51688203305936,0.24901871992779,-1.61104430317408,0.29619302743107,0.112347332375493,1.01881769695656,0.640562666071162,0.245232470553041,-0.0470916131739918,-0.121221555284519,0.754716440558221,-0.218467735823073,-0.883459441859701,2.38207456178805,-1.12317171202834,-0.489120681950538,-0.0591670355014261,0.209688195567169,0.351483136527251,0.744438766081145,-0.772211177916713,0.543606323971825,0.0011718625654518,-0.0269823264769893,45.9,0
75542.0,-1.73002000502413,-1.21550867652011,0.136010025065349,-1.56234497312284,3.27022240405665,2.88621298328001,0.0357831207515892,0.315631183551432,0.310502814679304,0.277412438490093,0.056898011991719,-0.424458489225361,0.0808759883404778,-0.409216646462626,1.39120559498173,0.496627738176765,-1.14117017806693,0.145289169449195,0.738963744644959,-0.248919654487504,-0.321750988883353,-0.211443511894496,0.90446490694657,1.04194868330159,-0.252834920535288,0.790299568314269,-0.601126688843495,-0.0810447171927617,0.76,0
34578.0,-1.61607436741054,-0.165593955478187,1.84063644853831,-1.952583951503,-0.829529742558136,0.208687600690725,-0.246664837195673,-1.84043534657452,-0.296073824150369,1.16121811842502,0.935991500884715,-0.858754258045716,-0.758577258023688,-0.738020455270101,0.0140914012143308,1.87434740439067,-0.63582221686983,-0.126203293863007,0.0502709229782788,-0.180142199339449,1.70696193219939,0.671183031376182,-0.305918677770929,0.0226392207183414,0.160386934443109,-0.203441853632088,0.339698010348136,-0.167909891164798,149.0,0
169308.0,1.93594324217284,-0.644385415987565,-0.519577851926192,0.141380937435455,-0.645271035539511,-0.193262559710745,-0.670884380564499,0.0437845061021091,1.57911354233811,-0.221851346591208,-1.15596545074508,0.153738918677151,-0.291068624113385,-0.14091041378878,0.610847322847736,0.182035736726713,-0.495540504491095,0.25619500891698,-0.0785956878150806,-0.123356770300014,0.184309128102675,0.640084014534848,0.128383263730537,0.694642766803626,-0.164916114061921,0.093730601240868,0.0007275736957369,-0.0301493769396785,47.39,0
1499.0,-1.7046823111991,1.67044210081585,0.819690838190092,-0.718860905173741,-0.620754007102587,-0.85354757857071,0.0071949593393364,-0.346919548030184,0.543471867506224,-0.0509457925195032,-1.04586503840319,-0.331121888130314,-1.39016845295095,0.31622304628987,-0.176572568030724,0.123009575015213,-0.0085783717519346,-0.414064866943073,-0.293241080738071,-0.0921459315517428,0.558853256417273,-0.802191294875652,0.120297340450635,0.357147511937215,-0.128353575625209,0.300982752675552,0.271751162496566,0.247731227385244,1.0,0
75668.0,-0.992588255189378,1.39158168142053,1.92847957159347,2.48963304356942,0.293602272490332,1.00260132577599,0.36289885818827,-1.8467789066195,-0.329114316428503,1.15960880989152,-0.637620274099153,0.0119809982918986,0.105605306945897,-0.685286088643175,-0.318629620170007,-0.852201997809785,0.381960645967748,-0.761076669964712,0.10233665251121,-0.169588793211719,1.42036764539698,-0.0427416444281924,-0.0720907754734268,0.0973885506574973,-0.228803775558772,0.141810659982054,0.0960384265276016,-0.256012944475329,46.03,0
121981.0,1.48742634651274,-1.24112881952167,-0.646732546204104,0.36038815442702,-1.02947700838694,-0.663143026299837,-0.201111120541824,-0.172780647013995,1.25940175497569,-0.277373226425172,-0.70680341652341,0.458348731408886,0.321189471996284,0.0091350184628292,1.08815414420261,0.271867132097281,-0.572141701812096,0.158246400660419,-0.431414279171237,0.339255865704834,0.369222427299849,0.650874984002885,-0.0710352663978507,0.0362113049445757,-0.322898631423489,0.0659831371911591,-0.0377227408684861,0.004446713950391,272.5,0
76186.0,-2.1059337105899,-0.659867881926594,1.8577418553777,-0.246068970496426,0.126526020434402,0.0761868998289614,-0.0189736965331326,0.149203112672228,-1.12619312116235,0.515777888830536,0.74616486510792,0.425935186974614,-0.413893227175325,-0.191594556438618,-1.1751836900258,-1.62050280648897,-0.0518138564037026,0.914921146524617,-1.28716815765298,-0.869303405431118,-0.637780496702163,-1.02646422980824,-0.771704996989311,-0.0019913662265986,0.0856329653964241,-0.678043323547216,-0.284223215771105,-0.850947690332065,79.0,0
49091.0,-1.34561712811372,1.57300004242155,1.48912237527846,-0.400541172733779,0.989707910945528,-0.932272344234092,2.06692757283738,-1.36778358765775,0.543369351717336,1.40058625131165,-0.0053974903315734,0.170918779331615,0.863413088091523,-1.09155708661741,0.104776141137708,-0.372482074961933,-1.20889334138132,-0.553441289243119,-0.988137372477424,0.270413767297083,-0.0990142020231587,0.325700540587248,-0.324832928061581,0.401099785385391,0.187551444364409,-0.744009021296861,-1.15657262045328,-0.636031081847529,9.21,0
82855.0,1.22097517381487,0.0832975769225478,0.624164240839012,0.881689515069066,-0.531093914154765,-0.567406699817531,-0.0466794839364119,-0.170115473700147,0.438514151830916,-0.249474166549362,-0.588621118521687,1.0996031729368,1.11923407918184,-0.42632676686621,-0.5292205673735,-0.419479138983866,0.0204158539478608,-0.70676343275369,0.180155773787481,-0.0416969622117634,-0.0735990696060211,0.0882004593846479,-0.1055400434917,0.486648420914769,0.625827786444866,0.43387965435859,-0.0087171042817274,0.0139416804619824,9.49,0
130765.0,1.67345986846981,-0.647889027495033,-2.81627766376864,0.0794715126943432,0.702864541001145,-1.06327931399372,1.12831047930004,-0.467105647666937,-0.0929079944137772,0.0956866912095244,0.909768153564706,0.613787976419514,-0.847714403807731,1.23314066070438,-0.617697168807546,-0.806814212301867,-0.22358625005381,-0.0556469263357791,0.351680156675221,0.194823222406143,0.462526098140211,0.949136024624383,-0.362350992780011,0.7977461907969,0.622125837397772,0.38830883567189,-0.154491506437124,-0.0560058799643973,229.0,0
162549.0,1.71549093480287,-0.568143997624741,-1.96980064753513,0.179668518047049,0.611269210342342,0.776957444496764,-0.289729418753284,0.447029713690078,1.12982514765343,-0.777966937323819,1.10921838920034,-0.111160270645251,-2.51614589622562,-0.706182670515202,0.282931195593673,-0.516249488334524,1.69462207433081,-0.492772357518751,-0.578289414828332,-0.248852299677371,-0.114684917149952,-0.277745393797494,0.168225490026552,-1.67665297329686,-0.37456668015853,0.0169202861909487,0.0120808525485954,-0.0383277416965639,89.76,0
75198.0,1.29000265206195,-0.37399480568528,0.20421365605102,0.273631622024703,-0.0134524497750541,1.13206197190447,-0.576113543773847,0.21508424825559,-0.970335048929608,0.78213512833431,-0.0495003967152478,1.15265456455316,1.54446463827741,-0.309042914774924,-0.826483982209327,-1.48621246407506,-0.366544055886758,1.13411550803861,-0.333278923640434,-0.439543283569163,-0.622375517464282,-1.11177926857762,-0.0489206487112423,-1.37608868575806,0.493685478468021,-0.435682411278677,0.0812100513696191,0.0099870129970293,18.46,0
122271.0,-1.44192611219308,-1.30692281614128,1.33536813719314,-2.11616915550644,0.953509307999836,-0.853283899938177,-0.654643746605679,0.138491470620806,-0.791674854655147,-0.0622606158641569,-1.06517313005918,-0.277654156736283,1.60625221341908,-0.879002694727719,-0.150303676377658,1.57783009846947,-0.482457242292785,-0.834411956895054,-0.256642738394387,0.753790475275363,0.536324386293819,1.12961609870881,0.0474850868558539,0.526636650161536,0.293791796164538,-0.146342849132357,0.286985214012043,0.221944854662766,72.0,0
159322.0,2.01624677683833,0.16664679904035,-1.74584332843483,0.524195240496159,0.231543790021548,-1.3861445090108,0.306779392913836,-0.389984493304629,0.541653072581447,-0.498993697080403,-0.304667924280843,0.238711203531635,0.341920738291495,-0.789209657254702,0.916110948994774,0.151338048130808,0.40887994039708,0.396700564507784,-0.486325731749209,-0.149728991829738,0.212387401274332,0.769238173082248,-0.043466597638174,-0.13737912968757,0.2518020756125,-0.0971440103497336,-0.0007507297681068,-0.0283043621373187,22.8,0
37011.0,-0.886450438810109,0.914182877483854,1.45814538561235,-0.390956407058594,-0.0178028564613354,-0.522557774056162,0.651857216614637,-0.124934984408055,-0.059912721280823,-0.247541072406708,1.13428126852616,1.38771444684635,0.484388047882219,-0.336367676917997,-1.71607508840094,0.0276016043745337,-0.545821598407649,-0.356120455502457,-0.309536434212288,-0.242086679801382,-0.0291261248911259,-0.133305329515922,-0.0437091953423315,0.580263491710207,-0.0452750776162737,-0.0114267061442812,-0.551425117029619,0.0049028634803889,8.04,0
49336.0,1.28262028648393,-0.288676753150478,-0.39990973942311,0.0821505690886189,-0.0046868609263536,-0.0787101241687255,0.023148858817998,-0.101828498328238,-1.45349461204381,0.953025042848372,0.122756374669365,0.247683868238614,0.270351455990341,0.555123792398438,-0.0096068734366781,-1.01416534181977,-0.744372630332134,1.56849423354552,-0.146037121396422,-0.386555979109778,-0.704409027304883,-1.75860292961805,-0.0181911401369504,-0.939749042955246,0.453046998414459,-0.64456279013714,0.0080446671458002,0.0151653047495343,68.0,0
110028.0,2.0363441611247,-0.0338280622008726,-1.28052125982999,0.296026889317936,0.212926868265333,-0.611149047162786,-0.094923263319764,-0.176946386456492,1.91984653889774,-0.272416515132943,1.79427636557143,-2.02138587822677,0.630385592066574,2.30305362013207,-0.435640541732766,-0.070623958575208,0.0094760760299363,0.979684853318641,-0.114642089639345,-0.323135002870844,0.158613400991092,0.768416889963942,0.0323472366098107,0.700379511446481,0.257951773988388,-0.510898248263648,-0.0332113639487046,-0.0649369850885802,1.0,0
90798.0,-0.89515328147999,0.851097059522486,1.9558691513509,4.6431465910318,0.568603575166971,1.46799699365394,0.310967623447914,-0.0918002340889477,0.0775909183064807,1.55189724562538,-0.226271437784953,-3.15792463147541,2.41139516541445,0.823106090388312,0.0671169670073288,-0.0792172386344869,0.640080661213022,0.715972279789353,0.836303419169006,0.219929308179634,-0.0072860885830912,0.872761751150685,0.318993182433858,0.567570452851041,-0.295236016349785,0.440635684955189,0.076384940573287,0.0481720676416724,72.79,0
72783.0,0.812366010002998,-0.52168937728014,1.07735871087627,1.81100663262203,-0.867939399526215,0.469967528350515,-0.48225844968139,0.198477479696431,-0.190604931834827,0.50626256919339,0.710196770982542,0.836686799007485,0.555983089289291,-0.239697693282438,-0.482586583543855,1.13764585629337,-0.848326353874906,0.440946920755448,-0.413507794461161,0.307637101316688,0.209456172553311,0.293732604857063,-0.218636699594747,0.0794424152230325,0.154968117316706,1.02171219906917,-0.067361711596201,0.0379588691355888,179.61,0
130228.0,1.56948900469917,-0.758731998743194,-1.96749462653665,0.302238079275431,0.273290744775111,-0.581507354616799,0.660462327100685,-0.277868949812883,0.287256845914262,-0.0771743058301195,1.06089427107304,1.2301001407627,0.131053477185903,0.782464711308928,-0.223110727451659,-0.435235654510824,-0.532774946377621,0.150216088055245,0.185794930507217,0.273451078277177,0.308537267257082,0.48053956105094,-0.166852684507447,0.735241339319053,0.263827839116582,-0.595455272218696,-0.0574939513427615,-0.0198324105987323,244.98,0
79068.0,1.0966245957917,0.375242576057723,1.07703326155339,2.31378780744992,-0.302463886932335,0.263522056453617,-0.308309734997635,0.155998872026541,-0.764521084717261,0.790399959789811,0.961545721113817,0.824176387253235,0.702410363654067,0.12084707101114,0.0745407716846375,1.30247314918013,-1.18487780336321,0.444917792950889,-0.725258712050377,-0.0368624128287074,-0.0281631761715451,-0.186251409827305,0.0233373950642945,-0.0077799594685081,0.226362825821517,-0.148703153845116,0.0137866572868326,0.0274624502326207,24.62,0
111998.0,1.90131954125268,0.254666258616116,0.134739960172703,3.75670235063721,0.238130125046058,1.34387977978019,-0.614128298412823,0.281384031686174,-0.0680253441528252,1.17322578968429,-2.07014521297977,0.473477877717494,1.29308929539175,-0.861567370658372,-1.63872824762128,1.0250195439748,-0.906604105750404,-0.419705014347888,-0.98665098938556,-0.181094388553558,-0.283065971742165,-0.576105953470957,0.331110163786502,0.0487279451216598,-0.321206636683884,-0.299997324291071,0.0340153460490904,-0.0232912010789003,1.51,0
135360.0,1.91216504125294,-1.67915963855979,-0.601697709463474,-1.08373893040003,-1.05809747879304,0.642235690304156,-1.41236669079748,0.263384206318202,0.372616368501756,0.81533896718051,-0.428146568332744,-0.571659264337255,-0.257699837968534,-0.420455487920237,0.0120007031639639,2.09799169853739,-0.661512830917765,-0.0154809772870465,1.04293884175637,0.253876792157289,0.292457171837203,0.552978914050709,-0.0203620837160462,-1.4470525998647,-0.385305245738841,-0.176957575065277,0.0073694271124761,-0.0371222936270991,146.0,0
70459.0,0.660538332246694,-1.51283128750258,0.555747382562949,0.803802998732394,-1.44702634000763,0.152915555863483,-0.474499390817828,0.076921791622325,-0.336484427190022,0.538305694139749,-0.865020116941483,-0.397229471310662,-0.652859097133531,0.0251843480159603,0.706722508565046,-1.65746102256014,0.2800839144248,1.15288198589264,-1.56389976344638,-0.0133883202146579,-0.0407631098897725,-0.181836463585853,-0.280812300380876,0.0554354793315189,0.30740392711223,-0.222480986296291,0.0303448311709107,0.0821239795315384,315.0,0
47420.0,-0.579160922776336,0.505101672845696,1.56928460935343,-0.150585806376017,0.837501566517272,0.210050553745067,0.773075429451871,-0.12078549206413,0.0538909447130269,-0.527726371770049,-2.08458417928215,-0.803639960518381,-0.573949924971776,-0.315634671613845,-0.142355914115791,-0.0639369501305841,-0.474545022439752,-0.0066370083210315,1.00596258552579,0.133890278572713,-0.306972433699124,-0.690786008472068,-0.419710217275111,-0.994566698083891,0.515990661238419,0.361750848088525,-0.16432623741075,-0.173258136102739,20.26,0
97178.0,-1.13097970647708,2.0525699697665,-1.81748950374514,-1.20389500045417,1.03392538667986,-0.77060298666756,0.743747389426113,0.558251913271503,0.617462153603434,-0.535654778193467,1.18696893055416,-1.53463811483575,1.93118821831129,2.72143202911852,-1.59156754087331,-0.218431442400263,0.242894918290656,0.46962846887613,-0.0098840528292037,-0.0103738247707736,0.146681529657115,0.70681604320646,-0.142623949664249,0.214924002745615,-0.132790191884917,0.0418188148502382,0.325293858120184,0.250863011321227,1.69,0
160286.0,-0.176738880058065,0.49715907280902,1.21958466555269,-0.643109275762895,0.16395950527212,0.204238185433219,0.159183386444473,0.155251034518036,0.487384757535203,-0.665899244637035,1.14438839870141,0.511788321339553,0.269368996408743,-1.74447663188259,-0.166740588061075,1.17032129192225,-0.229381064838862,1.17962899643824,-0.445529195335277,0.236658438041653,0.0149569227490049,0.320625792680525,0.0273732605146325,0.681834846127857,-0.640417112879311,0.257925823603166,0.147319695612079,-0.0697987482935651,28.99,0
43951.0,-0.716066107688062,1.5546878263922,0.309643378331996,1.02165105194203,-0.631391772648149,-0.897010003635319,-0.0154653514423897,0.660289240300002,-0.76670064203166,-0.473027657957998,-0.817057980132758,0.125317442329197,-0.0484140205125303,0.945345489124552,0.970277479742976,-0.0292502156317385,0.133170386123091,0.172877621132596,0.342394068310859,-0.289628427424329,0.227663503203498,0.392826983280509,-0.0060828051902333,0.389546775208064,-0.131327050742731,-0.337549372350909,-0.302577045574965,-0.0849087660625421,9.99,0
158009.0,-0.187065738562102,0.938949796372722,0.158719491986008,-0.635957028283626,0.267082977201802,-1.08421006871295,0.90458768576091,-0.0974889838836657,0.343124081719593,-0.0737261282824574,-1.07776962765302,-0.533308770675161,-1.30940543824619,0.30919167449721,-0.19663321750018,-0.11058920508987,-0.286106658185972,-0.692350235470158,-0.177221975014794,-0.0036473758111797,-0.300598304711216,-0.677266238419372,0.10110312439087,-0.0598839760112864,-0.497809069737035,0.152464734696248,0.348868155923537,0.153910093277228,4.49,0
62012.0,-4.96036729006635,-2.757062450743,1.63009538223936,1.36596081280014,1.17881447220556,0.279798506926159,-1.03673406483047,-0.520721234160165,0.221608964540004,0.703404068940731,1.25793896723589,0.557863374549303,-0.440083499535778,-0.360018746396869,-0.218195309662151,1.00984228462922,-0.47673558871361,-0.637984486906742,-1.87812671475983,-1.46788212558742,0.462507467617429,0.0335681762052391,-2.16507794554631,-0.018960511781404,-0.324490898985946,0.888516092540468,0.364445801483348,-1.1366142081171,180.78,0
160204.0,-26.3890299089402,-17.755687241964,-10.2787662951292,10.4130104961877,-9.4460858017207,6.22013515404662,7.7059529612811,-2.3113105432848,5.50191830602915,7.22371296162165,0.727980774486815,0.24639761717589,1.81980446339363,-3.10487972660264,2.06522069861882,3.80185105164301,-0.865402091011471,-0.524366073405328,3.18947062931118,-14.1418983922027,-5.97989085746486,-0.215654595801765,-9.00247361119266,1.12655058509078,0.396670083217842,0.220177436397355,-6.59250436816192,15.3731701340987,1441.06,0
128692.0,-0.386508183388967,1.377709688895,0.0011102536097768,0.858743450122715,0.981531108782406,-0.800659365076364,1.55672222813198,-0.503203093185405,-0.145855677180746,0.655945703573542,-1.13499251411152,-0.548096573575192,-0.924592059684444,0.299433493534933,-0.185238668221001,-1.27641910794822,0.0862427429641517,-0.320918963438327,0.765612646702291,0.16009996646058,0.0251483371486491,0.601959470885436,-0.35191428963073,-0.0840417225765891,0.0197808499757308,-0.404085344713373,0.263760381987867,0.0660828842089758,13.27,0
107215.0,-1.64847380425078,1.94088481036828,0.0434040592313671,-1.5493104774377,2.04961937423522,-0.572369979723253,2.46640019694585,-1.89355753508032,2.07725235469289,1.92916857861836,2.57433212479761,-2.0708053066958,1.92598942051045,0.605318810985532,-1.174872496082,-1.21229113512217,-0.43969265068991,-0.0222682715323779,0.0555924903748478,0.342914726330899,0.033385744731813,0.720835861304818,-0.542923493652011,0.706004763076022,0.269179682765081,-0.149529797597463,-2.2674372516329,-0.858567043584824,0.37,0
154972.0,0.102251608460482,0.613321991357193,0.0606758167492995,-0.52651150630939,0.303082459379414,-0.281050599711734,0.373734670409218,0.154986410310386,0.644757925257442,-0.882284921858054,-1.09253261447775,-0.587854222892959,-0.564974541538534,-1.33128251228703,0.248013394860741,0.976906593854901,0.128170657405022,0.482963169601718,-0.436323090700759,0.0610158961646162,-0.208232090945446,-0.521606628183074,0.363826556043188,0.328774115998212,-1.30363666309003,-0.0108926063536484,0.37458545097969,0.233832910105373,39.9,0
14500.0,-4.53865343034377,-0.672919274990002,0.934677380342983,-2.58814673102002,-3.46529196511858,1.34071781756951,-0.0276168178345718,-3.30456792779192,4.85125968225864,-2.87961381938764,-0.292352939863702,-0.527882251667981,2.31478651482713,0.074456586536237,-2.11920434420036,-0.49038543780207,1.00588075805537,0.261338921031461,-0.182981531375572,-2.62112671911079,2.49244868761796,-0.383958942374854,-1.92421266652909,0.620426428356888,0.668034337429966,-0.750027338722101,1.19445956566426,-1.04373441274952,570.49,0
54762.0,0.632065003609964,-0.892716451120346,-0.0161884554105315,0.543224613067287,-0.443602578845568,0.085191517532494,0.189203235415644,0.0510709207420756,-0.100170117750097,-0.0629284080863817,1.28297092806824,0.696948764194936,-0.246190900231342,0.596370260490058,0.719288562449885,0.345923754275391,-0.464328987469426,-0.115906639966699,-0.20421522165177,0.469567578299775,0.125635384509888,-0.312440529460427,-0.239224992075961,-0.268054442379234,0.147444153068976,0.369036688629331,-0.0845930426740535,0.0479102824404155,297.97,0
127266.0,2.35942451938879,-1.46898468363423,-1.3794530312713,-1.72381779498135,-0.917998571550579,-0.246226142585569,-1.21211627455453,-0.0307714775920533,-0.891159750070012,1.6296003211748,-1.94581115255811,-2.12036360047692,-1.50844323792685,-0.0335247362311117,0.142806476823131,-0.363080392080652,0.418836861243625,0.270148902745553,0.0882544459771046,-0.54166954694184,-0.241595090693879,-0.281274884395825,0.214000430074962,-0.0494272718590604,-0.137443151964494,-0.140804229153308,-0.0061986931500339,-0.0572399022896612,10.0,0
136649.0,1.71877705069631,-1.67274875288209,-1.30170837895331,-0.355269574256145,-1.01586963677601,-0.727588422088872,-0.246917107827357,-0.35081487398305,0.079212556083416,0.529341390059038,-1.11808701162606,0.0092554027637168,0.534113432528771,-0.634968839392489,-1.47214780646534,0.0541627691964913,0.804530112969962,-1.62968108674006,0.74251322495277,0.439084390173688,0.612157770075935,1.59700508945155,-0.366419387142966,0.131107259326643,0.390506485970898,0.269372312456545,-0.0520689611030244,-0.0290790348101064,250.0,0
64987.0,0.9418343438229,0.104311140940758,0.63220732903837,2.34095304521815,0.653068338696551,2.40228486870055,-0.511390364354976,0.767988511851201,-0.421709010304872,0.500442324930244,1.31386622508274,1.02217406692163,-0.415453660628186,0.149759379380312,-0.461856775210866,-0.868905129811932,0.697135190756817,-1.83797735481454,-1.75409976797152,-0.294870524080657,0.070272430577719,0.491587579339548,-0.0061865132391932,-1.32368285903033,0.316126328346513,0.208944861064802,0.0736190748027896,-0.0074907510449281,8.85,0
67121.0,-3.65235023957528,-1.86045462773414,0.71006320058437,0.0295221665107996,-1.29172739731624,0.799783176128284,-0.317871598418705,1.0996101470396,-1.3229448603405,-0.349792418558932,0.582304020208403,0.243345584396423,-0.941436677821191,0.71635950823843,-0.173237182378689,-1.16890276666609,0.393258365947484,1.33314826554189,-2.07162609375934,-0.877689355417647,-0.0331159067440751,-0.0284859277969419,-0.795754481412058,-0.260669915039441,0.206423172461618,-0.308148045989902,-0.10837877103102,-0.447171705148295,285.0,0
80944.0,-0.919002303801054,0.160645562286207,0.744299881811106,0.225174756550596,-0.194467267391775,2.30553327766942,0.114079900278567,1.11156012990681,-0.492067213932552,-0.744758933283863,1.47701124801385,1.11223287225475,0.0602962196710127,0.484001507698491,0.843832672889612,-1.08696036475422,0.996032158776069,-1.28672602657514,-0.472143308241885,0.182282810252118,0.408033358702283,1.01239383469827,0.562484808109957,-1.30314203754288,-1.09722344918772,0.539340644129205,0.0660775318575205,0.121398309023472,190.32,0
168395.0,-0.759579108844822,0.423050767955102,0.474602873714085,-0.744427295723914,1.13066721893147,-0.841322995666703,0.981420258351302,-0.202866900944875,-0.183973593125939,-0.631283716732007,-1.63987213997211,-0.416371800824098,-0.322935472424817,0.182809232037773,-0.253331899186695,0.0928529768436978,-0.615082953276675,-0.425364456027194,0.340144984953473,-0.205647435482023,-0.272676677261917,-0.703150129592742,0.203057129139055,-0.671262728815702,-0.159664112415079,0.21622549062647,-0.0279476882897215,0.0959268404701981,0.89,0
48023.0,-2.24047986624234,0.606412810620563,1.26608733820621,0.476161537914734,0.116550284419771,-0.463508217825613,0.937204841769314,-0.934939491720937,0.710234308027735,1.64835908334031,0.429564292546355,-0.205201231643405,-0.0309266992853536,-0.645455586069832,1.80524327390329,-0.812376810310005,0.0376475534514102,-0.787581293613758,0.600577884650005,-0.592201575030712,-0.140809777275963,0.471582323267021,0.352861301857478,0.450925561751274,-0.572079308939342,0.345652585386717,-1.30066210764721,-0.0172807615779654,33.8,0
138055.0,-2.66684214808522,1.73675264370987,1.16230053087556,-0.561793202273189,-1.19595631186758,0.879972184306083,-1.36622010333191,1.56681386624191,0.985661868399159,-0.96670875504942,0.273337759352918,0.87394556112651,-0.165398994756296,-1.69554358712345,-1.22629221177744,0.965696527825608,0.899135155499882,1.30566852860468,-0.0975476450794776,-0.0611741207693094,0.196551821825453,0.498482970035061,-0.257557868918166,0.650815823462583,0.421356356319898,0.5940570287374,-0.808205327808263,-0.194796677315643,5.78,0
49398.0,1.26154782977268,-0.741524887459195,-0.73336807533773,-1.16440398453491,0.249721695490974,0.527392238076773,-0.192966379049064,0.014617464965683,-1.29512914142017,0.699190240697343,0.306106007197424,-0.0801627347357011,0.754675691388049,0.125577750259704,0.158489502205429,1.33554799875196,-0.255902646937059,-1.33758455656964,1.34254214583805,0.341846496674376,-0.169549197706991,-0.840026790910446,-0.165326043159379,-1.71253325674545,0.450446008610385,-0.423371101306548,-0.0231523587547661,0.0025667172062928,118.0,0
151167.0,-1.73614043121889,2.27102541359642,-0.692155925024977,-0.804345300840606,-0.144939833936064,-1.40590840098042,0.839927698479493,-0.0510250895467779,1.34786762178353,2.37487414599191,1.2835821009695,0.387400905010274,-1.14977421464052,0.286309412515328,-0.0660736646970709,-0.540087077888658,-0.533001569515457,0.462138452843663,-0.123344364414344,0.954637309133945,0.215721560236266,1.30403200016736,0.0310336685339501,0.529036864821363,-0.517359903397942,-0.235701469970751,1.33674879036831,0.801616811776692,0.89,0
59456.0,-1.0402666635688,0.604856437865627,0.686536447938549,1.26391856564242,-1.58779477791777,1.39903606060075,2.23871980412104,0.0112322454866802,-0.37152921903316,0.0695657818407001,1.01600401500589,0.312078366205572,-0.93060679585693,0.26312327909119,-0.318768680331636,-0.83531077019885,0.346306587713113,-0.0504766251916813,0.943146509397401,0.286910572268569,-0.0536725953060484,0.308326074526762,0.156680860393276,0.0166492661165776,-0.0289276271425288,-0.225057403788416,0.710094475257863,0.143798965596471,437.55,0
119833.0,1.5812662751085,-1.0220436782081,-1.52860693943988,-0.0126783561748315,0.431031672203133,1.10953472115595,-0.120934013654505,0.312143371336148,0.917378399946515,-0.239505617553269,0.741288531550481,1.07308295634714,-0.545404819797277,0.467259473671577,-0.10349010260803,-0.961123535542487,0.277171157060142,-1.20795614513198,-0.237979662363145,0.016679989300214,0.0246935038636654,-0.0086852748946552,0.0618703890668508,-1.6203305683633,-0.303764286375918,0.0063903570241807,-0.0149375069003324,-0.0539324383055107,178.11,0
99118.0,-2.0721265518582,-3.19217876677722,1.36283257173017,0.590355693311038,-0.505588719567279,3.5909970704605,0.601253617629983,0.700226439876943,2.92227112686502,-1.72080717141957,1.04290538249282,-1.31872961129845,1.67287346237125,0.260376290696369,-2.04685931965808,-1.22360812255041,1.19927573548417,0.108188707348076,-0.462159579775644,1.60286408095238,0.630568076584227,1.35632592341183,1.71194046760761,-0.811762149779282,-0.785450365081569,-0.226173573646158,-0.0766943719965584,0.0683928912095377,677.08,0
139372.0,1.88642604570587,-0.779312245608928,0.357091049464074,0.675719932911854,-1.45770668006139,-0.326514978497793,-1.19282400387618,0.199516754682638,1.79934552891496,0.049980390574425,-1.24597313078608,-0.582248732678374,-1.45508275486943,-0.115370203820912,1.09161239803766,0.87657784914072,-0.654047840835467,0.61499207569223,-0.571331264637949,-0.236393360388106,0.217536876807424,0.671932755528341,0.23225977877178,0.0346571371926779,-0.575911464843618,0.330870794677871,0.009752285660895,-0.0284183913661225,37.9,0
33197.0,1.17611470658379,-0.318535055869055,0.983456583722181,0.71114674710459,-0.791492528167337,0.409830574912167,-0.812024571135595,0.323851340919676,1.17826145427613,-0.240458531725226,-1.20058051155859,-0.398678022635354,-1.31936947190357,-0.124106296082427,0.644108382822345,0.0820748886079668,0.0049604537572405,-0.34771514432223,-0.200910071328114,-0.212448584195451,-0.114498274042301,-0.162664026308247,0.0178479168512975,-0.429565134206134,0.200164166961573,0.382644341038594,0.0238404338022152,0.0153131081694379,6.89,0
66113.0,-0.597852837248696,1.05074499791579,2.13083814903277,2.22064817647321,0.383504996862229,0.812694967666433,0.460797040994864,0.112318189142344,-0.80864578817632,0.850298538624121,0.872131119165448,0.0760963678994478,-1.06790255367205,-0.0395630392140946,-0.821534437344066,-0.265611582522106,-0.0276074866066606,-0.311784327479492,0.189544108727414,-0.0735345729346417,-0.125949851509837,-0.215097811484966,-0.0530511483988549,-0.0184672406446281,-0.596683664748081,-0.196795678319593,-0.277765264031967,-0.0861465726229708,1.0,0
61207.0,0.858780661056524,-1.58459427642675,1.33232920722852,0.406402997603499,-2.12175719218996,0.132240916567459,-1.10252948392745,0.152839262113064,0.414438646124365,0.355227250714121,-1.34726488121978,0.0088951536321202,-0.230532420713845,-0.795619223900244,-0.582485952993176,-1.51791182242322,0.366269416545682,1.21827302404774,-0.679600232897917,-0.115927536142907,-0.281051416758987,-0.502795893106831,-0.126014683314528,0.410370882573818,0.0945453755978552,0.56193668003192,0.0114097774848177,0.0667011949122395,220.0,0
79654.0,-1.18899658166442,1.39949061604076,1.05421259777352,2.22665264122199,0.0655459153861975,0.628782050316314,-0.0836455263412538,0.659827469769724,-0.738816785404367,0.802006865890086,-0.331843358820333,-0.0068546879861169,-0.917548288993221,0.279903795126522,-1.35163448335414,0.244370633805094,-0.214309210569452,0.578264075622663,0.724868449307254,-0.13238608815157,0.0732986373010818,0.225061003156783,-0.126067827643855,-0.354406884273574,-0.226209606647107,0.0837127091575451,-0.110900936767894,0.131818237658644,0.79,0
68656.0,1.32227305064754,-0.92773409139544,-0.154684476295101,-0.979755497544872,-0.213271796358269,1.03397121188897,-0.837372257099328,0.291072319677703,-0.431509871311311,0.597921085715587,-0.31345208266477,-0.447237120811903,-0.37213235853379,-0.255841182458116,-0.663148469630352,1.11764306350083,0.0821591926633294,-1.0821566483903,1.5125934408762,0.144985342041705,-0.0992632605321177,-0.345963981260413,-0.201838764386031,-1.70098415830628,0.528572856157365,-0.216935226447932,0.0176497892062491,-0.0061726259334512,60.0,0
33613.0,1.11549265875459,-0.293637150913139,0.109647287323173,0.447721871637295,0.0610103118221541,0.820609625381735,-0.292877190431348,0.287738548258952,0.439979668659139,-0.0883668645589932,0.114923327209585,0.535793290882962,-0.568918577167363,0.180214012387944,-0.423374985576502,0.0963210246877466,-0.360734372628741,-0.206486752656672,0.579793331474054,-0.0339601253309875,-0.271438931222885,-0.762586319647811,-0.0891398429294928,-1.13505524351877,0.348536423122474,0.261517509868822,-0.0185160996864188,-0.0003653451499393,59.95,0
79449.0,1.04999998107743,-1.17573023423211,0.0547016334325953,-0.71770918445455,-0.935070679374654,-0.325712729640031,-0.384148347519019,-0.168999116534471,-0.687753262799282,0.499738812640856,-1.01527109755486,-0.710336545992733,0.722909296137371,-0.292921121651148,0.974216447356275,1.61398333594114,-0.192933829226984,-1.10169067672687,0.817696914596336,0.563479382591361,0.061116320544752,-0.404801216042485,-0.212489895110033,-0.569663302496899,0.302889356770758,-0.375455165352418,-0.0225120927165058,0.0528270754226741,225.0,0
166390.0,-2.14605722220882,2.53018666899399,-3.49198127512931,-0.412364551095147,0.241893645337692,-1.05330949971193,-1.15156630986869,-1.45790162701287,-1.22025549930841,-1.74320072790475,-1.4605861807896,0.402382629361806,-0.0558276478160574,0.898139646015873,-0.260599646636699,0.813108810690057,1.08026526402981,0.260558643585639,-0.466262445802737,-0.269289976067474,-0.99324633273033,0.761810805358796,0.596748507611226,0.404323144899398,-0.434840224744533,0.38952750567884,-0.921531472864631,-0.191911559850765,2.74,0
93864.0,-0.927403173411305,0.201563253403955,0.951279968184691,-0.596959307651351,1.19164660692876,-1.33806555005781,1.10556782144851,-0.503952708139027,1.66950382234641,-1.08999526334748,-0.243087029486992,-2.96933659613066,0.339765550296118,1.57440595287914,-1.35568512501388,-0.348142070029863,0.174718825766733,-0.20765260927052,-0.559053399277662,-0.319544161046425,-0.378713771050348,-0.612777645366663,0.228152836330462,-0.0806514606677095,-0.0811689945295235,-0.726917164476528,-0.183104599086072,-0.0755221376041304,11.48,0
118672.0,1.66470443691029,-0.814312706544069,-1.29750176756885,0.17390796796222,-0.10743589001792,-0.186872451344478,0.113119249502684,-0.076574486660906,0.740929054478753,-0.147482792120599,0.872879112735216,1.46563671153676,0.237995433359865,0.249424578078419,-0.91532684643955,-0.351250473968612,-0.325048433711929,-0.233907133370459,0.515844252896086,0.167230947251889,-0.0032711953629632,-0.190916563620604,0.091952291231261,0.737142987172155,-0.145209171849123,-0.15862522292499,-0.0602022924335045,-0.0282803007784063,177.97,0
78081.0,-0.802243953960884,-0.0020079754781152,2.48813302715286,-1.98229951008347,-0.444275377171097,-0.0505420672789753,0.0139454842839064,-0.120896585754609,-0.715390071146373,0.943918387523478,1.83233039622253,-0.0171997847167643,0.434238131025362,-0.961656280288075,0.0467426387764274,1.26398626523542,-0.333331118437152,-0.910781353715405,-0.512968582025402,0.490497385216863,0.37998119335061,1.52448978887256,-0.306795941766763,0.26163118279287,0.0225838361879436,-0.236228701246732,0.136613903949617,-0.199619593315888,19.99,0
48134.0,1.34256359274711,-0.158335153132416,-0.114052788172823,-0.57565054188082,0.0944203045337708,0.291593204039962,-0.339512344468767,0.093838276586642,0.263819968783593,-0.0439224931420598,-0.0856189348143482,0.303309474899603,0.27685291589258,0.239454615593965,0.686938169253609,1.11125749995309,-1.23843801859417,0.651285148329029,0.96659337795661,0.0176718396023812,-0.190649978207954,-0.590203044256458,-0.136841910115848,-1.33795767181155,0.311987163877353,0.993256804834417,-0.0792073985429856,-0.0166476406302988,12.29,0
48061.0,0.746360801028253,-1.21991213320105,0.746027526758835,0.253387005328419,-1.29541422211176,0.185986899800231,-0.52385824603122,0.218709319328624,1.09058268590171,-0.360886621350499,0.446422628720837,0.641085592449006,-0.998133362657914,-0.130133989349508,-0.842126260822564,0.248421960612516,-0.162132361262131,0.131282224245785,0.81198051382585,0.349509249727549,-0.0756805604735943,-0.562875086793541,-0.163474266472943,0.0748716419498424,0.0321798296009259,0.923796749127771,-0.0879057277945577,0.0388639678245175,238.64,0
66639.0,-0.319759880501469,0.840583970522424,1.26685947616537,0.771190800858329,-0.521829548724497,-0.176533931857218,0.0748165392268033,0.236407401542385,0.0794281588718153,-0.19870522738128,-0.247240275377121,0.737285610691196,0.457764142088549,-0.151522524230362,0.266131066373895,-0.938783953994672,0.691506207104121,-1.06652493595939,0.796185580692983,-0.0741544023806151,-0.119737827042934,-0.0594460511954419,0.400281441575145,0.423894299604671,-1.64140013930165,0.0699778766246765,-0.145148122933743,-0.0412954414301084,10.0,0
170798.0,-0.794339077999294,0.576907047878488,0.695452515143578,-0.839498438285562,1.15681741859501,-0.625812776243662,0.709490233796108,-0.0305920641125993,-0.492972725269188,-0.568858003228788,0.808330800448122,0.224581894531832,-0.709634754862822,0.621594067560016,-0.0660340987053461,0.0159281150809957,-0.749009944796551,0.645273778506886,0.0384607321397801,-0.187795430442935,0.260154405727592,0.661109857070905,-0.629018327709868,0.795020082860679,1.0947496364019,-0.0372702232510028,-0.17223028428255,-0.100225307784873,3.59,0
131945.0,1.62090520797701,-1.52731525401103,-0.684325808745308,-0.622826741577954,-0.859165760752725,0.523132199947978,-0.789528422252098,0.291775490090117,1.99427524031574,-0.504172123604656,0.0667182518762437,0.81596523289728,-0.953090193135434,-0.144206691960084,-0.802626205639428,0.0535427694657249,-0.304424581106941,0.166968755828807,1.05162827204281,0.185487631981152,-0.132967906576952,-0.579840038204547,0.180361257353864,0.242162211590186,-0.601817937262207,0.366983926833062,-0.063971096112263,-0.0235985361971641,200.0,0
406.0,-2.3122265423263,1.95199201064158,-1.60985073229769,3.9979055875468,-0.522187864667764,-1.42654531920595,-2.53738730624579,1.39165724829804,-2.77008927719433,-2.77227214465915,3.20203320709635,-2.89990738849473,-0.595221881324605,-4.28925378244217,0.389724120274487,-1.14074717980657,-2.83005567450437,-0.0168224681808257,0.416955705037907,0.126910559061474,0.517232370861764,-0.0350493686052974,-0.465211076182388,0.320198198514526,0.0445191674731724,0.177839798284401,0.261145002567677,-0.143275874698919,0.0,1
4462.0,-2.30334956758553,1.759247460267,-0.359744743330052,2.33024305053917,-0.821628328375422,-0.0757875706194599,0.562319782266954,-0.399146578487216,-0.238253367661746,-1.52541162656194,2.03291215755072,-6.56012429505962,0.0229373234890961,-1.47010153611197,-0.698826068579047,-2.28219382856251,-4.78183085597533,-2.61566494476124,-1.33444106667307,-0.430021867171611,-0.294166317554753,-0.932391057274991,0.172726295799422,-0.0873295379700724,-0.156114264651172,-0.542627889040196,0.0395659889264757,-0.153028796529788,239.93,1
6986.0,-4.39797444171999,1.35836702839758,-2.5928442182573,2.67978696694832,-1.12813094208956,-1.70653638774951,-3.49619729302467,-0.248777743025673,-0.24776789948008,-4.80163740602813,4.89584422347523,-10.9128193194019,0.184371685834387,-6.77109672468083,-0.00732618257771211,-7.35808322132346,-12.5984185405511,-5.13154862842983,0.308333945758691,-0.17160787864796,0.573574068424352,0.176967718048195,-0.436206883597401,-0.0535018648884285,0.252405261951833,-0.657487754764504,-0.827135714578603,0.849573379985768,59.0,1
7519.0,1.23423504613468,3.0197404207034,-4.30459688479665,4.73279513041887,3.62420083055386,-1.35774566315358,1.71344498787235,-0.496358487073991,-1.28285782036322,-2.44746925511151,2.10134386504854,-4.6096283906446,1.46437762476188,-6.07933719308005,-0.339237372732577,2.58185095378146,6.73938438478335,3.04249317830411,-2.72185312222835,0.00906083639534526,-0.37906830709218,-0.704181032215427,-0.656804756348389,-1.63265295692929,1.48890144838237,0.566797273468934,-0.0100162234965625,0.146792734916988,1.0,1
7526.0,0.00843036489558254,4.13783683497998,-6.24069657194744,6.6757321631344,0.768307024571449,-3.35305954788994,-1.63173467271809,0.15461244822474,-2.79589246446281,-6.18789062970647,5.66439470857116,-9.85448482287037,-0.306166658250084,-10.6911962118171,-0.638498192673322,-2.04197379107768,-1.12905587703585,0.116452521226364,-1.93466573889727,0.488378221134715,0.36451420978479,-0.608057133838703,-0.539527941820093,0.128939982991813,1.48848121006868,0.50796267782385,0.735821636119662,0.513573740679437,1.0,1
12597.0,-2.58961719821269,7.01671438495857,-13.7054072869097,10.3432280604117,-2.95446103475574,-3.05511578527804,-9.3012886151434,3.34957336071614,-5.65421202641103,-11.853866972601,11.6692047358121,-17.2286622386187,0.0555715664836118,-18.4937733551053,-0.304172113519045,-10.6294973901353,-14.4412111342765,-5.10548646597228,1.2702262705049,1.48885519236896,1.88773772551451,0.333998184533223,0.28765904061745,-1.18640640906644,-0.690272670076388,0.631703772210546,1.93422076005943,0.789687172212655,1.0,1
20451.0,-15.8191787207718,8.7759971528627,-22.8046864614815,11.8648680803607,-9.09236053189517,-2.38689320657655,-16.5603681078199,0.948348594786058,-6.31065843275059,-13.0888909176936,9.81570317447819,-14.0560611837648,0.777191846436601,-13.7610179615936,-0.353635939812489,-7.95744722625995,-11.9629542349435,-4.7805077876172,0.652498045264831,0.992278949261366,-2.35063374523783,1.03636187430048,1.13605073696052,-1.0434137405139,-0.10892334328198,0.657436778462222,2.13642447085514,-1.41194537483904,1.0,1
25231.0,-16.5986647432584,10.5417508026636,-19.8189818085279,6.0172946473619,-13.0259010501237,-4.12877900260013,-14.1188648469369,11.1611439952369,-4.09955143059712,-9.22282550730978,6.32936467621872,-8.95219071159749,-0.138363691274054,-9.82505442102721,0.0572235922374037,-7.54168742379503,-14.2595985921417,-5.03505152375192,1.43226792970939,1.53491982113512,1.72585282658181,-1.15160577552799,-0.680051901875725,0.108175914514646,1.06687834149611,-0.233720431391328,1.70752055210726,0.51142316911239,99.99,1
25426.0,1.12533553530785,1.13014648418496,-0.962975334759173,2.67568785863118,0.990074518469203,-0.243317741184431,0.316192138064781,0.122960131988498,-1.1433427947576,-0.369908966047961,1.83449419801385,-0.491243315415958,-1.12990700459946,-2.23862224442526,0.27846874170613,1.47792560308038,1.77645429510255,1.14928218583042,-1.30699464468423,-0.138813697509247,-0.166736918429935,-0.52193383894905,-0.112376257435029,-0.592076750460089,0.520791314299405,0.0433535805717847,0.0151590212632604,0.0636117222853327,3.76,1
